,TS_station_point,9pntmin,9pntmax,9ptmean
2017-03-01 00:00:00,0.0,0.0,0.0,0.0
2017-03-01 01:00:00,0.0,0.0,0.0,0.0
2017-03-01 02:00:00,0.0,0.0,0.0,0.0
2017-03-01 03:00:00,0.0,0.0,0.0,0.0
2017-03-01 04:00:00,0.0,0.0,0.0,0.0
2017-03-01 05:00:00,2.2267984000000003,0.0,30.044943,7.15827831111111
2017-03-01 06:00:00,16.468237000000002,16.093116000000002,19.176152,17.330197000000002
2017-03-01 07:00:00,0.0,0.0,0.0,0.0
2017-03-01 08:00:00,0.0,0.0,0.0,0.0
2017-03-01 09:00:00,0.0,0.0,0.0,0.0
2017-03-01 10:00:00,0.0,0.0,0.0,0.0
2017-03-01 11:00:00,0.0,0.0,0.0,0.0
2017-03-01 12:00:00,20.513498000000002,19.339299,22.499071,20.905209555555555
2017-03-01 13:00:00,0.0,0.0,0.0,0.0
2017-03-01 14:00:00,0.0,0.0,0.0,0.0
2017-03-01 15:00:00,0.0,0.0,0.0,0.0
2017-03-01 16:00:00,0.0,0.0,1.5185155000000001,0.45573998888888895
2017-03-01 17:00:00,50.820592,46.678872999999996,56.461642000000005,51.092852444444446
2017-03-01 18:00:00,0.35045624999999997,0.30386985,0.41367778,0.3574196233333333
2017-03-01 19:00:00,0.0,0.0,0.0,0.0
2017-03-01 20:00:00,0.0,0.0,0.0,0.0
2017-03-01 21:00:00,0.0,0.0,0.0,0.0
2017-03-01 22:00:00,0.0,0.0,0.0,0.0
2017-03-01 23:00:00,210.78142,158.43779,242.32017,204.83173999999997
2017-03-02 00:00:00,0.73731121,0.25292658,2.2471947,0.9396990788888888
2017-03-02 01:00:00,0.0,0.0,0.0,0.0
2017-03-02 02:00:00,0.0,0.0,0.0,0.0
2017-03-02 03:00:00,0.0,0.0,0.0,0.0
2017-03-02 04:00:00,0.0,0.0,0.0,0.0
2017-03-02 05:00:00,83.99678300000001,21.091594999999998,122.62290999999999,76.41876733333332
2017-03-02 06:00:00,12.650129999999999,6.6063249,15.889073999999999,12.105803766666668
2017-03-02 07:00:00,0.0,0.0,0.0,0.0
2017-03-02 08:00:00,0.0,0.0,0.0,0.0
2017-03-02 09:00:00,0.0,0.0,0.0,0.0
2017-03-02 10:00:00,0.0,0.0,0.0,0.0
2017-03-02 11:00:00,0.0,0.0,0.0,0.0
2017-03-02 12:00:00,26.727128,23.065184,45.978401999999996,28.767499333333333
2017-03-02 13:00:00,10.799625,3.1716149000000002,25.335292,12.635715566666667
2017-03-02 14:00:00,0.0,0.0,0.0,0.0
2017-03-02 15:00:00,0.0,0.0,0.0,0.0
2017-03-02 16:00:00,0.0,0.0,1.3856591,0.4494159666666666
2017-03-02 17:00:00,11.08069,9.8539676,12.752289,11.149638066666666
2017-03-02 18:00:00,1.0140924,0.7005019699999999,1.4015592000000001,1.0796281666666667
2017-03-02 19:00:00,0.0,0.0,0.0,0.0
2017-03-02 20:00:00,0.0,0.0,0.0,0.0
2017-03-02 21:00:00,0.0,0.0,0.0,0.0
2017-03-02 22:00:00,0.0,0.0,0.0,0.0
2017-03-02 23:00:00,206.54635000000002,195.22493,219.64865,206.8922177777778
2017-03-03 00:00:00,0.017613015,0.0050333462,0.042333809,0.021201779855555557
2017-03-03 01:00:00,0.0,0.0,0.0,0.0
2017-03-03 02:00:00,0.0,0.0,0.0,0.0
2017-03-03 03:00:00,0.0,0.0,0.0,0.0
2017-03-03 04:00:00,0.0,0.0,0.0,0.0
2017-03-03 05:00:00,1042.7424,580.70966,1415.0393,981.2170666666667
2017-03-03 06:00:00,155.70245,24.619063,403.07452,190.689979
2017-03-03 07:00:00,0.0,0.0,0.0,0.0
2017-03-03 08:00:00,0.0,0.0,0.0,0.0
2017-03-03 09:00:00,0.0,0.0,0.0,0.0
2017-03-03 10:00:00,0.0,0.0,0.0,0.0
2017-03-03 11:00:00,614.2428600000001,419.60142,839.51163,574.7474633333334
2017-03-03 12:00:00,435.64514,176.08324,724.6647099999999,454.6156666666667
2017-03-03 13:00:00,0.0,0.0,0.0,0.0
2017-03-03 14:00:00,0.0,0.0,0.0,0.0
2017-03-03 15:00:00,0.0,0.0,0.0,0.0
2017-03-03 16:00:00,30.447450999999997,10.108942,63.35316,34.495917222222225
2017-03-03 17:00:00,23.670656,18.957806,26.984130999999998,23.023904666666667
2017-03-03 18:00:00,2.4282904,0.40077646,8.722609899999998,3.5404544411111107
2017-03-03 19:00:00,0.045232365,0.0,0.39525031,0.11930194166666667
2017-03-03 20:00:00,0.0,0.0,0.0,0.0
2017-03-03 21:00:00,0.0,0.0,0.0,0.0
2017-03-03 22:00:00,0.0,0.0,0.0,0.0
2017-03-03 23:00:00,175.93926,168.58492999999999,185.625,176.36697777777778
2017-03-04 00:00:00,0.0,0.0,0.0,0.0
2017-03-04 01:00:00,0.0,0.0,0.0,0.0
2017-03-04 02:00:00,0.0,0.0,0.0,0.0
2017-03-04 03:00:00,0.0,0.0,0.0,0.0
2017-03-04 04:00:00,0.0,0.0,0.0,0.0
2017-03-04 05:00:00,875.66103,544.76142,1008.4956999999999,798.3864577777778
2017-03-04 06:00:00,13.234287,2.0549079999999997,48.809048,16.371055733333336
2017-03-04 07:00:00,0.0,0.0,0.0,0.0
2017-03-04 08:00:00,0.0,0.0,0.0,0.0
2017-03-04 09:00:00,0.0,0.0,0.0,0.0
2017-03-04 10:00:00,0.0,0.0,0.0,0.0
2017-03-04 11:00:00,362.19732,273.95494,743.68145,411.1564888888889
2017-03-04 12:00:00,32.759079,13.064991,87.909699,40.87803811111112
2017-03-04 13:00:00,0.0,0.0,0.0,0.0
2017-03-04 14:00:00,0.0,0.0,0.0,0.0
2017-03-04 15:00:00,0.0,0.0,0.0,0.0
2017-03-04 16:00:00,0.60668907,0.0,4.0712134,1.4492248666666667
2017-03-04 17:00:00,15.840070999999998,14.08091,17.266000000000002,15.711148
2017-03-04 18:00:00,2.2855925,2.2018473,2.392138,2.2935750444444447
2017-03-04 19:00:00,0.0,0.0,0.0,0.0
2017-03-04 20:00:00,0.0,0.0,0.0,0.0
2017-03-04 21:00:00,0.0,0.0,0.0,0.0
2017-03-04 22:00:00,0.0,0.0,0.0,0.0
2017-03-04 23:00:00,117.73780000000001,103.57238000000001,122.98358,114.27094777777776
2017-03-05 00:00:00,0.21069701999999998,0.20998739,0.22044883999999998,0.21474645555555555
2017-03-05 01:00:00,0.0,0.0,0.0,0.0
2017-03-05 02:00:00,0.0,0.0,0.0,0.0
2017-03-05 03:00:00,0.0,0.0,0.0,0.0
2017-03-05 04:00:00,0.0,0.0,0.0,0.0
2017-03-05 05:00:00,478.88009999999997,323.65241,566.81689,456.2679022222222
2017-03-05 06:00:00,0.1482978,0.14804786,0.35688873,0.1877646077777778
2017-03-05 07:00:00,0.0,0.0,0.0,0.0
2017-03-05 08:00:00,0.0,0.0,0.0,0.0
2017-03-05 09:00:00,0.0,0.0,0.0,0.0
2017-03-05 10:00:00,0.0,0.0,0.0,0.0
2017-03-05 11:00:00,337.50385,146.48608000000002,712.6154399999999,358.97354777777775
2017-03-05 12:00:00,1039.6001999999999,781.76096,1271.4058,1016.7737022222221
2017-03-05 13:00:00,0.0,0.0,0.0,0.0
2017-03-05 14:00:00,0.0,0.0,0.0,0.0
2017-03-05 15:00:00,0.0,0.0,0.0,0.0
2017-03-05 16:00:00,0.7717380899999999,0.0,3.0721371,1.2157663944444446
2017-03-05 17:00:00,10.000322,9.0663061,11.847388,10.1159692
2017-03-05 18:00:00,2.1223032,1.9579957,2.3195,2.1303296333333335
2017-03-05 19:00:00,0.0,0.0,0.0,0.0
2017-03-05 20:00:00,0.0,0.0,0.0,0.0
2017-03-05 21:00:00,0.0,0.0,0.0,0.0
2017-03-05 22:00:00,0.0,0.0,0.0,0.0
2017-03-05 23:00:00,206.34323,189.64183000000003,216.47422,202.25978222222224
2017-03-06 00:00:00,0.050503046999999995,0.027788801000000002,0.06790664,0.04936592566666667
2017-03-06 01:00:00,0.0,0.0,0.0,0.0
2017-03-06 02:00:00,0.0,0.0,0.0,0.0
2017-03-06 03:00:00,0.0,0.0,0.0,0.0
2017-03-06 04:00:00,0.0,0.0,0.0,0.0
2017-03-06 05:00:00,56.352979000000005,26.688685,108.56948,58.165254222222224
2017-03-06 06:00:00,139.59673999999998,81.705613,237.25851,150.21064066666668
2017-03-06 07:00:00,0.0,0.0,0.0,0.0
2017-03-06 08:00:00,0.0,0.0,0.0,0.0
2017-03-06 09:00:00,0.0,0.0,0.0,0.0
2017-03-06 10:00:00,0.0,0.0,0.0,0.0
2017-03-06 11:00:00,5.560820700000001,0.91667306,18.513441,7.238663973333335
2017-03-06 12:00:00,1035.8259,764.8720599999999,1203.6311,998.3636566666667
2017-03-06 13:00:00,0.0,0.0,0.0,0.0
2017-03-06 14:00:00,0.0,0.0,0.0,0.0
2017-03-06 15:00:00,0.0,0.0,0.0,0.0
2017-03-06 16:00:00,0.0,0.0,0.0,0.0
2017-03-06 17:00:00,12.939197,11.759686,14.100808,12.939023666666666
2017-03-06 18:00:00,1.0277208999999998,0.7939913200000001,1.4930946999999999,1.0935511588888887
2017-03-06 19:00:00,0.0,0.0,0.0,0.0
2017-03-06 20:00:00,0.0,0.0,0.0,0.0
2017-03-06 21:00:00,0.0,0.0,0.0,0.0
2017-03-06 22:00:00,0.0,0.0,0.0,0.0
2017-03-06 23:00:00,110.30439000000001,56.516219,155.43214,109.56107888888889
2017-03-07 00:00:00,0.0,0.0,0.0,0.0
2017-03-07 01:00:00,0.0,0.0,0.0,0.0
2017-03-07 02:00:00,0.0,0.0,0.0,0.0
2017-03-07 03:00:00,0.0,0.0,0.0,0.0
2017-03-07 04:00:00,0.0,0.0,0.0,0.0
2017-03-07 05:00:00,79.49848800000001,16.251967999999998,201.69573,94.84123522222222
2017-03-07 06:00:00,8.0700183,0.89918319,35.853504,11.05591899888889
2017-03-07 07:00:00,0.0,0.0,0.0,0.0
2017-03-07 08:00:00,0.0,0.0,0.0,0.0
2017-03-07 09:00:00,0.0,0.0,0.0,0.0
2017-03-07 10:00:00,0.0,0.0,0.0,0.0
2017-03-07 11:00:00,9.1619604,3.0665317,21.826909,10.8548569
2017-03-07 12:00:00,20.080981,12.249583000000001,40.202176,23.305519444444442
2017-03-07 13:00:00,0.0,0.0,0.0,0.0
2017-03-07 14:00:00,0.0,0.0,0.0,0.0
2017-03-07 15:00:00,0.0,0.0,0.0,0.0
2017-03-07 16:00:00,0.0,0.0,0.0,0.0
2017-03-07 17:00:00,29.077786,21.872549,41.220828,29.232959666666666
2017-03-07 18:00:00,1.9072538,1.2227641999999999,2.3837188,1.8655199111111114
2017-03-07 19:00:00,0.0,0.0,0.0,0.0
2017-03-07 20:00:00,0.0,0.0,0.0,0.0
2017-03-07 21:00:00,0.0,0.0,0.0,0.0
2017-03-07 22:00:00,0.0,0.0,0.0,0.0
2017-03-07 23:00:00,46.658453,15.412605999999998,96.417534,51.72196211111111
2017-03-08 00:00:00,0.19777798,0.11670102,0.424201,0.2260554922222222
2017-03-08 01:00:00,0.0,0.0,0.0,0.0
2017-03-08 02:00:00,0.0,0.0,0.0,0.0
2017-03-08 03:00:00,0.0,0.0,0.0,0.0
2017-03-08 04:00:00,0.0,0.0,0.0,0.0
2017-03-08 05:00:00,12.007948,0.0,72.372866,21.395316731111112
2017-03-08 06:00:00,16.792073000000002,13.780488,19.746755999999998,16.904249222222223
2017-03-08 07:00:00,0.0,0.0,0.0,0.0
2017-03-08 08:00:00,0.0,0.0,0.0,0.0
2017-03-08 09:00:00,0.0,0.0,0.0,0.0
2017-03-08 10:00:00,0.0,0.0,0.0,0.0
2017-03-08 11:00:00,0.0,0.0,0.0,0.0
2017-03-08 12:00:00,120.32239,77.65137,180.74099999999999,126.8918811111111
2017-03-08 13:00:00,0.0,0.0,0.0,0.0
2017-03-08 14:00:00,0.0,0.0,0.0,0.0
2017-03-08 15:00:00,0.0,0.0,0.0,0.0
2017-03-08 16:00:00,92.410803,44.55767,150.22028999999998,94.57630811111112
2017-03-08 17:00:00,31.572948999999998,26.139291,35.002944,30.804998444444443
2017-03-08 18:00:00,1.0188576,0.7952130500000001,1.3165684999999998,1.0728154633333336
2017-03-08 19:00:00,0.0,0.0,0.013102027,0.0014557807777777778
2017-03-08 20:00:00,0.0,0.0,0.0,0.0
2017-03-08 21:00:00,0.0,0.0,0.0,0.0
2017-03-08 22:00:00,0.0,0.0,0.0,0.0
2017-03-08 23:00:00,179.64018,171.83460000000002,185.85002,179.01842666666664
2017-03-09 00:00:00,0.0,0.0,0.0018357234,0.00044928891
2017-03-09 01:00:00,0.0,0.0,0.0,0.0
2017-03-09 02:00:00,0.0,0.0,0.0,0.0
2017-03-09 03:00:00,0.0,0.0,0.0,0.0
2017-03-09 04:00:00,0.0,0.0,0.0,0.0
2017-03-09 05:00:00,259.80055,133.58612,461.00767,257.1391177777778
2017-03-09 06:00:00,217.28728999999998,82.10527400000001,446.70879,236.1081448888889
2017-03-09 07:00:00,0.0,0.0,0.0,0.0
2017-03-09 08:00:00,0.0,0.0,0.0,0.0
2017-03-09 09:00:00,0.0,0.0,0.0,0.0
2017-03-09 10:00:00,0.0,0.0,0.0,0.0
2017-03-09 11:00:00,0.0,0.0,0.0,0.0
2017-03-09 12:00:00,18.018429,10.322232,24.224133000000002,17.779548
2017-03-09 13:00:00,0.0,0.0,0.0,0.0
2017-03-09 14:00:00,0.0,0.0,0.0,0.0
2017-03-09 15:00:00,0.0,0.0,0.0,0.0
2017-03-09 16:00:00,26.418415,9.883305199999999,52.574145,29.78524502222222
2017-03-09 17:00:00,25.140986,20.789911999999998,29.8778,24.81622611111111
2017-03-09 18:00:00,0.26945348999999996,0.22006195,0.54692953,0.30221368444444446
2017-03-09 19:00:00,0.0,0.0,0.010191004,0.0011323337777777779
2017-03-09 20:00:00,0.0,0.0,0.0,0.0
2017-03-09 21:00:00,0.0,0.0,0.0,0.0
2017-03-09 22:00:00,0.0,0.0,0.0,0.0
2017-03-09 23:00:00,242.82465,230.17373999999998,257.19840999999997,243.14395555555555
2017-03-10 00:00:00,0.13960158,0.12544645,0.15845976,0.14107746333333332
2017-03-10 01:00:00,0.0,0.0,0.0,0.0
2017-03-10 02:00:00,0.0,0.0,0.0,0.0
2017-03-10 03:00:00,0.0,0.0,0.0,0.0
2017-03-10 04:00:00,0.0,0.0,0.0,0.0
2017-03-10 05:00:00,247.92203,133.75359,461.22988000000004,251.09904555555556
2017-03-10 06:00:00,205.72232,64.337604,433.70892,226.87636755555556
2017-03-10 07:00:00,0.0,0.0,0.0,0.0
2017-03-10 08:00:00,0.0,0.0,0.0,0.0
2017-03-10 09:00:00,0.0,0.0,0.0,0.0
2017-03-10 10:00:00,0.0,0.0,0.0,0.0
2017-03-10 11:00:00,0.0,0.0,0.0,0.0
2017-03-10 12:00:00,7.7210861,6.8606746,14.037509,9.531446133333333
2017-03-10 13:00:00,0.0,0.0,0.0,0.0
2017-03-10 14:00:00,0.0,0.0,0.0,0.0
2017-03-10 15:00:00,0.0,0.0,0.0,0.0
2017-03-10 16:00:00,0.0,0.0,0.0,0.0
2017-03-10 17:00:00,14.090339,13.199762,14.417302000000001,13.878777777777778
2017-03-10 18:00:00,0.59703956,0.35056498999999997,0.9538799800000001,0.6268028055555557
2017-03-10 19:00:00,0.0,0.0,0.0,0.0
2017-03-10 20:00:00,0.0,0.0,0.0,0.0
2017-03-10 21:00:00,0.0,0.0,0.0,0.0
2017-03-10 22:00:00,0.0,0.0,0.0,0.0
2017-03-10 23:00:00,202.41764,156.86572999999999,226.80756,196.31267
2017-03-11 00:00:00,0.1364898,0.11680844,0.16138124999999998,0.13894895444444444
2017-03-11 01:00:00,0.0,0.0,0.0,0.0
2017-03-11 02:00:00,0.0,0.0,0.0,0.0
2017-03-11 03:00:00,0.0,0.0,0.0,0.0
2017-03-11 04:00:00,0.0,0.0,0.0,0.0
2017-03-11 05:00:00,119.31417,50.271206,132.23470999999998,100.50190366666666
2017-03-11 06:00:00,11.034504,4.7120502,15.800875000000001,10.793209233333334
2017-03-11 07:00:00,0.0,0.0,0.0,0.0
2017-03-11 08:00:00,0.0,0.0,0.0,0.0
2017-03-11 09:00:00,0.0,0.0,0.0,0.0
2017-03-11 10:00:00,0.0,0.0,0.0,0.0
2017-03-11 11:00:00,0.0,0.0,0.0,0.0
2017-03-11 12:00:00,23.985856,22.178607,26.877206,24.668968555555555
2017-03-11 13:00:00,0.0,0.0,0.0,0.0
2017-03-11 14:00:00,0.0,0.0,0.0,0.0
2017-03-11 15:00:00,0.0,0.0,0.0,0.0
2017-03-11 16:00:00,0.0,0.0,0.0,0.0
2017-03-11 17:00:00,46.373737999999996,38.60598,53.122170000000004,45.25208711111111
2017-03-11 18:00:00,0.16725271,0.1055493,0.232708,0.1686721677777778
2017-03-11 19:00:00,0.0,0.0,0.0,0.0
2017-03-11 20:00:00,0.0,0.0,0.0,0.0
2017-03-11 21:00:00,0.0,0.0,0.0,0.0
2017-03-11 22:00:00,0.0,0.0,0.0,0.0
2017-03-11 23:00:00,17.072936,4.7922113,40.490497,19.862004933333335
2017-03-12 00:00:00,0.63195472,0.19914036000000002,1.8256851,0.7544757922222224
2017-03-12 01:00:00,0.0,0.0,0.0,0.0
2017-03-12 02:00:00,0.0,0.0,0.0,0.0
2017-03-12 03:00:00,0.0,0.0,0.0,0.0
2017-03-12 04:00:00,0.0,0.0,0.0,0.0
2017-03-12 05:00:00,19.905441,0.0,89.710651,34.300363322222225
2017-03-12 06:00:00,0.44084879,0.0,3.7280518,1.1670095031111112
2017-03-12 07:00:00,0.0,0.0,0.0,0.0
2017-03-12 08:00:00,0.0,0.0,0.0,0.0
2017-03-12 09:00:00,0.0,0.0,0.0,0.0
2017-03-12 10:00:00,0.0,0.0,0.0,0.0
2017-03-12 11:00:00,0.0,0.0,0.0,0.0
2017-03-12 12:00:00,19.027071,15.717534999999998,22.850597999999998,19.763283777777776
2017-03-12 13:00:00,0.0,0.0,0.0,0.0
2017-03-12 14:00:00,0.0,0.0,0.0,0.0
2017-03-12 15:00:00,0.0,0.0,0.0,0.0
2017-03-12 16:00:00,0.0,0.0,0.0,0.0
2017-03-12 17:00:00,19.014131,16.037546,20.25799,18.598841
2017-03-12 18:00:00,0.63954087,0.20756646,1.7628473,0.7609407433333334
2017-03-12 19:00:00,0.0,0.0,0.0,0.0
2017-03-12 20:00:00,0.0,0.0,0.0,0.0
2017-03-12 21:00:00,0.0,0.0,0.0,0.0
2017-03-12 22:00:00,0.0,0.0,0.0,0.0
2017-03-12 23:00:00,182.98297,110.72771999999999,244.08747,180.15826111111107
2017-03-13 00:00:00,12.998802000000001,5.422420099999999,24.162182,13.746280166666669
2017-03-13 01:00:00,0.0,0.0,0.0,0.0
2017-03-13 02:00:00,0.0,0.0,0.0,0.0
2017-03-13 03:00:00,0.0,0.0,0.0,0.0
2017-03-13 04:00:00,0.0,0.0,0.0,0.0
2017-03-13 05:00:00,0.0,0.0,0.0,0.0
2017-03-13 06:00:00,0.0,0.0,0.0,0.0
2017-03-13 07:00:00,0.0,0.0,0.0,0.0
2017-03-13 08:00:00,0.0,0.0,0.0,0.0
2017-03-13 09:00:00,0.0,0.0,0.0,0.0
2017-03-13 10:00:00,0.0,0.0,0.0,0.0
2017-03-13 11:00:00,0.0,0.0,6.5484901,0.9711844444444444
2017-03-13 12:00:00,18.915549,15.751852,24.110308,20.004134333333333
2017-03-13 13:00:00,0.0,0.0,0.0,0.0
2017-03-13 14:00:00,0.0,0.0,0.0,0.0
2017-03-13 15:00:00,0.0,0.0,0.0,0.0
2017-03-13 16:00:00,0.0,0.0,0.0,0.0
2017-03-13 17:00:00,20.943266,20.166463999999998,21.22478,20.787053333333333
2017-03-13 18:00:00,0.5912185099999999,0.13640162,1.5934139,0.6736485933333334
2017-03-13 19:00:00,0.0,0.0,0.0,0.0
2017-03-13 20:00:00,0.0,0.0,0.0,0.0
2017-03-13 21:00:00,0.0,0.0,0.0,0.0
2017-03-13 22:00:00,0.0,0.0,0.0,0.0
2017-03-13 23:00:00,0.93161748,0.0,6.0461439,2.044855008888889
2017-03-14 00:00:00,1.8317496,0.19378966,9.799342500000002,3.857695251111111
2017-03-14 01:00:00,0.0,0.0,0.0,0.0
2017-03-14 02:00:00,0.0,0.0,0.0,0.0
2017-03-14 03:00:00,0.0,0.0,0.0,0.0
2017-03-14 04:00:00,0.0,0.0,0.0,0.0
2017-03-14 05:00:00,0.0,0.0,7.3159958,1.8641764333333333
2017-03-14 06:00:00,0.0,0.0,0.14145141,0.032571412555555554
2017-03-14 07:00:00,0.0,0.0,0.0,0.0
2017-03-14 08:00:00,0.0,0.0,0.0,0.0
2017-03-14 09:00:00,0.0,0.0,0.0,0.0
2017-03-14 10:00:00,0.0,0.0,0.0,0.0
2017-03-14 11:00:00,0.0,0.0,0.0,0.0
2017-03-14 12:00:00,30.312094000000002,28.779314999999997,30.775375999999998,29.99656422222222
2017-03-14 13:00:00,0.0,0.0,0.0,0.0
2017-03-14 14:00:00,0.0,0.0,0.0,0.0
2017-03-14 15:00:00,0.0,0.0,0.0,0.0
2017-03-14 16:00:00,0.0,0.0,0.0,0.0
2017-03-14 17:00:00,17.973045,17.053057,18.436158,17.853888888888893
2017-03-14 18:00:00,4.0076843,3.3883528,4.531958,3.945138033333334
2017-03-14 19:00:00,0.0,0.0,0.0,0.0
2017-03-14 20:00:00,0.0,0.0,0.0,0.0
2017-03-14 21:00:00,0.0,0.0,0.0,0.0
2017-03-14 22:00:00,0.0,0.0,0.0,0.0
2017-03-14 23:00:00,0.0,0.0,0.0,0.0
2017-03-15 00:00:00,0.10939463,0.10312211,0.11399416000000001,0.10933268333333333
2017-03-15 01:00:00,0.0,0.0,0.0,0.0
2017-03-15 02:00:00,0.0,0.0,0.0,0.0
2017-03-15 03:00:00,0.0,0.0,0.0,0.0
2017-03-15 04:00:00,0.0,0.0,0.0,0.0
2017-03-15 05:00:00,4.94084,0.0,42.181546000000004,11.293196084444444
2017-03-15 06:00:00,25.461693,17.846927,39.869214,27.060532555555554
2017-03-15 07:00:00,0.0,0.0,0.0,0.0
2017-03-15 08:00:00,0.0,0.0,0.0,0.0
2017-03-15 09:00:00,0.0,0.0,0.0,0.0
2017-03-15 10:00:00,0.0,0.0,0.0,0.0
2017-03-15 11:00:00,0.0,0.0,0.0,0.0
2017-03-15 12:00:00,19.035397,10.505262,26.609339,18.979623444444442
2017-03-15 13:00:00,0.0,0.0,0.0,0.0
2017-03-15 14:00:00,0.0,0.0,0.0,0.0
2017-03-15 15:00:00,0.0,0.0,0.0,0.0
2017-03-15 16:00:00,0.0,0.0,0.0,0.0
2017-03-15 17:00:00,16.880924,16.353832999999998,17.401821,16.873975666666666
2017-03-15 18:00:00,0.56709519,0.44667138,0.71582849,0.5742775344444444
2017-03-15 19:00:00,0.0,0.0,0.0,0.0
2017-03-15 20:00:00,0.0,0.0,0.0,0.0
2017-03-15 21:00:00,0.0,0.0,0.0,0.0
2017-03-15 22:00:00,0.0,0.0,0.0,0.0
2017-03-15 23:00:00,313.31422999999995,279.45335,332.24537,307.60383111111116
2017-03-16 00:00:00,10.122333999999999,3.0561198000000003,25.04891,11.087930822222223
2017-03-16 01:00:00,0.0,0.0,0.0,0.0
2017-03-16 02:00:00,0.0,0.0,0.0,0.0
2017-03-16 03:00:00,0.0,0.0,0.0,0.0
2017-03-16 04:00:00,0.0,0.0,0.0,0.0
2017-03-16 05:00:00,317.72404,217.9719,455.65402,313.76227555555556
2017-03-16 06:00:00,357.34184,173.36021,600.63985,379.41955333333334
2017-03-16 07:00:00,0.0,0.0,0.0,0.0
2017-03-16 08:00:00,0.0,0.0,0.0,0.0
2017-03-16 09:00:00,0.0,0.0,0.0,0.0
2017-03-16 10:00:00,0.0,0.0,0.0,0.0
2017-03-16 11:00:00,90.39441599999999,70.900256,117.83178000000001,88.25251066666665
2017-03-16 12:00:00,560.4302299999999,250.84149000000002,1027.3563,601.6745488888888
2017-03-16 13:00:00,0.0,0.0,0.0,0.0
2017-03-16 14:00:00,0.0,0.0,0.0,0.0
2017-03-16 15:00:00,0.0,0.0,0.0,0.0
2017-03-16 16:00:00,37.46252,18.309829,62.645493,39.210222
2017-03-16 17:00:00,34.832232000000005,28.241690000000002,39.762348,34.28134777777778
2017-03-16 18:00:00,29.940528999999998,12.372838,55.181663,32.416118777777776
2017-03-16 19:00:00,3.2731325,0.90890677,8.2232273,4.000043585555556
2017-03-16 20:00:00,0.0,0.0,0.0,0.0
2017-03-16 21:00:00,0.0,0.0,0.0,0.0
2017-03-16 22:00:00,185.80724,80.23539,316.00852,190.8499778888889
2017-03-16 23:00:00,188.99178999999998,143.66984,219.15081999999998,184.44627
2017-03-17 00:00:00,56.007146,11.328031000000001,140.16235999999998,69.79094377777777
2017-03-17 01:00:00,9.2814043,0.87401122,37.486545,14.146659091111111
2017-03-17 02:00:00,0.0,0.0,0.0,0.0
2017-03-17 03:00:00,0.0,0.0,0.0,0.0
2017-03-17 04:00:00,0.0,0.0,0.0,0.0
2017-03-17 05:00:00,501.09025,373.64516,928.9927,551.2500577777778
2017-03-17 06:00:00,232.44551,61.086073,538.0191100000001,257.62712266666665
2017-03-17 07:00:00,0.0,0.0,0.0,0.0
2017-03-17 08:00:00,0.0,0.0,0.0,0.0
2017-03-17 09:00:00,0.0,0.0,0.0,0.0
2017-03-17 10:00:00,0.0,0.0,0.0,0.0
2017-03-17 11:00:00,337.2335,327.54266,428.39462,366.19132888888885
2017-03-17 12:00:00,790.97849,587.76757,1066.889,785.9159144444444
2017-03-17 13:00:00,0.58290885,0.0,4.0462319,1.366292067777778
2017-03-17 14:00:00,0.0,0.0,0.0,0.0
2017-03-17 15:00:00,0.0,0.0,0.0,0.0
2017-03-17 16:00:00,17.404793,6.8742611,32.801654,19.08203302222222
2017-03-17 17:00:00,13.22246,11.588259,14.400941,13.114757333333333
2017-03-17 18:00:00,2.4279102,0.44665546,6.0807893,3.049534291111111
2017-03-17 19:00:00,0.04801338,0.0,0.26851228000000005,0.09604956408888891
2017-03-17 20:00:00,0.0,0.0,0.0,0.0
2017-03-17 21:00:00,0.0,0.0,0.0,0.0
2017-03-17 22:00:00,0.0,0.0,2.6295183,0.692894588888889
2017-03-17 23:00:00,262.25916,249.30522,279.04913,262.96728
2017-03-18 00:00:00,1.4940526,0.13900241,8.5294232,2.7991027355555556
2017-03-18 01:00:00,0.78621042,0.0,10.661411,2.633662748888889
2017-03-18 02:00:00,0.0,0.0,0.0,0.0
2017-03-18 03:00:00,0.0,0.0,0.0,0.0
2017-03-18 04:00:00,4.6822984000000005,1.2532868,11.029129,5.730051866666667
2017-03-18 05:00:00,345.77308999999997,300.03072000000003,399.78165,346.88490444444443
2017-03-18 06:00:00,607.4913,521.3670699999999,638.3488699999999,589.8186355555555
2017-03-18 07:00:00,1.5786892000000001,0.8303712200000001,3.0880797,1.8270429255555554
2017-03-18 08:00:00,0.0,0.0,0.0,0.0
2017-03-18 09:00:00,0.0,0.0,0.0,0.0
2017-03-18 10:00:00,0.0,0.0,0.0,0.0
2017-03-18 11:00:00,280.44273,203.32641999999998,521.64204,313.6387111111111
2017-03-18 12:00:00,841.12363,572.79592,1091.9997,815.6093922222223
2017-03-18 13:00:00,50.976923,32.932585,59.281287,46.333516
2017-03-18 14:00:00,0.0,0.0,0.0,0.0
2017-03-18 15:00:00,0.0,0.0,0.0,0.0
2017-03-18 16:00:00,26.965325,13.565075,40.284678,27.321192555555555
2017-03-18 17:00:00,9.3495091,7.213655,11.18234,9.22111758888889
2017-03-18 18:00:00,3.6175145,1.9136901000000002,6.1804872,3.956420422222222
2017-03-18 19:00:00,0.0068754478,0.0,0.082612807,0.025539161866666667
2017-03-18 20:00:00,0.0,0.0,0.0,0.0
2017-03-18 21:00:00,0.0,0.0,0.0,0.0
2017-03-18 22:00:00,0.0,0.0,0.0,0.0
2017-03-18 23:00:00,247.9844,233.66994,266.74024,248.84366
2017-03-19 00:00:00,0.13798871000000001,0.13561035000000002,0.15061977,0.14096615555555556
2017-03-19 01:00:00,0.0,0.0,0.0,0.0
2017-03-19 02:00:00,0.0,0.0,0.0,0.0
2017-03-19 03:00:00,0.0,0.0,0.0,0.0
2017-03-19 04:00:00,0.0,0.0,0.0,0.0
2017-03-19 05:00:00,938.1307800000001,503.16524,1333.3828,891.7783133333334
2017-03-19 06:00:00,1064.3846,626.20227,1322.6171,1042.6941188888889
2017-03-19 07:00:00,0.0,0.0,0.0,0.0
2017-03-19 08:00:00,0.0,0.0,0.0,0.0
2017-03-19 09:00:00,0.0,0.0,0.0,0.0
2017-03-19 10:00:00,0.0,0.0,0.0,0.0
2017-03-19 11:00:00,0.0,0.0,0.0,0.0
2017-03-19 12:00:00,25.825897,24.047989,28.152295000000002,26.170440444444445
2017-03-19 13:00:00,0.0,0.0,0.0,0.0
2017-03-19 14:00:00,0.0,0.0,0.0,0.0
2017-03-19 15:00:00,0.0,0.0,0.0,0.0
2017-03-19 16:00:00,0.0,0.0,0.0,0.0
2017-03-19 17:00:00,11.828071,11.072134,12.855966,11.867875000000002
2017-03-19 18:00:00,1.3441185,0.90311858,2.4625383000000003,1.5963723755555554
2017-03-19 19:00:00,0.0,0.0,0.0062044756,0.0018124766333333332
2017-03-19 20:00:00,0.0,0.0,0.0,0.0
2017-03-19 21:00:00,0.0,0.0,0.0,0.0
2017-03-19 22:00:00,7.4178142000000005,0.0,32.824908,12.20722098888889
2017-03-19 23:00:00,185.80562999999998,177.74856,194.20587,185.83043444444445
2017-03-20 00:00:00,42.917992999999996,7.595751,115.97946,55.97362133333334
2017-03-20 01:00:00,6.6016751,0.51467663,29.776933,10.668632836666667
2017-03-20 02:00:00,0.0,0.0,0.0,0.0
2017-03-20 03:00:00,0.0,0.0,0.0,0.0
2017-03-20 04:00:00,0.0,0.0,0.0,0.0
2017-03-20 05:00:00,880.17754,495.98265,1400.2684,889.9348644444444
2017-03-20 06:00:00,1093.4734999999998,683.63437,1553.5313,1136.6608711111112
2017-03-20 07:00:00,0.0,0.0,0.0,0.0
2017-03-20 08:00:00,0.0,0.0,0.0,0.0
2017-03-20 09:00:00,0.0,0.0,0.0,0.0
2017-03-20 10:00:00,0.0,0.0,0.0,0.0
2017-03-20 11:00:00,474.60169,445.05979,542.1892300000001,484.07084444444445
2017-03-20 12:00:00,1272.4301,1118.9596999999999,1398.9937,1253.2100666666665
2017-03-20 13:00:00,0.22219824999999999,0.025924054,2.4356327,0.871225672
2017-03-20 14:00:00,0.0,0.0,0.0,0.0
2017-03-20 15:00:00,0.0,0.0,0.0,0.0
2017-03-20 16:00:00,52.510163999999996,31.665670000000002,81.57655199999999,52.208524
2017-03-20 17:00:00,17.544629,12.446091,21.628044,17.230119666666663
2017-03-20 18:00:00,4.949763,2.1126627,8.993964,5.6174394777777765
2017-03-20 19:00:00,0.12791577,0.011790368,0.5104912500000001,0.20889715500000003
2017-03-20 20:00:00,0.0,0.0,0.0,0.0
2017-03-20 21:00:00,0.0,0.0,0.0,0.0
2017-03-20 22:00:00,0.0,0.0,0.0,0.0
2017-03-20 23:00:00,145.02759,115.133,178.65886999999998,144.98070555555557
2017-03-21 00:00:00,1.8175532,0.42799232,5.5654391,2.1501587122222223
2017-03-21 01:00:00,0.0,0.0,0.0,0.0
2017-03-21 02:00:00,0.0,0.0,0.0,0.0
2017-03-21 03:00:00,0.0,0.0,0.0,0.0
2017-03-21 04:00:00,0.0,0.0,0.0,0.0
2017-03-21 05:00:00,,,,
2017-03-21 06:00:00,,,,
2017-03-21 07:00:00,,,,
2017-03-21 08:00:00,,,,
2017-03-21 09:00:00,,,,
2017-03-21 10:00:00,,,,
2017-03-21 11:00:00,,,,
2017-03-21 12:00:00,,,,
2017-03-21 13:00:00,,,,
2017-03-21 14:00:00,,,,
2017-03-21 15:00:00,,,,
2017-03-21 16:00:00,,,,
2017-03-21 17:00:00,,,,
2017-03-21 18:00:00,,,,
2017-03-21 19:00:00,,,,
2017-03-21 20:00:00,,,,
2017-03-21 21:00:00,,,,
2017-03-21 22:00:00,,,,
2017-03-21 23:00:00,,,,
2017-03-22 00:00:00,0.0,0.0,0.0,0.0
2017-03-22 01:00:00,0.0,0.0,0.0,0.0
2017-03-22 02:00:00,0.0,0.0,0.0,0.0
2017-03-22 03:00:00,0.0,0.0,0.0,0.0
2017-03-22 04:00:00,0.0,0.0,0.0,0.0
2017-03-22 05:00:00,0.0,0.0,0.0,0.0
2017-03-22 06:00:00,48.806804,48.806804,51.69589,50.14870211111112
2017-03-22 07:00:00,0.0,0.0,0.0,0.0
2017-03-22 08:00:00,0.0,0.0,0.0,0.0
2017-03-22 09:00:00,0.0,0.0,0.0,0.0
2017-03-22 10:00:00,0.0,0.0,0.0,0.0
2017-03-22 11:00:00,0.0,0.0,0.0,0.0
2017-03-22 12:00:00,12.482766999999999,6.509481,19.584491,12.722827155555557
2017-03-22 13:00:00,0.0,0.0,0.0,0.0
2017-03-22 14:00:00,0.0,0.0,0.0,0.0
2017-03-22 15:00:00,0.0,0.0,0.0,0.0
2017-03-22 16:00:00,0.0,0.0,0.0,0.0
2017-03-22 17:00:00,14.534948,14.128161,15.22003,14.591457222222223
2017-03-22 18:00:00,0.0,0.0,0.0,0.0
2017-03-22 19:00:00,0.0,0.0,0.0,0.0
2017-03-22 20:00:00,0.0,0.0,0.0,0.0
2017-03-22 21:00:00,0.0,0.0,0.0,0.0
2017-03-22 22:00:00,0.0,0.0,0.0,0.0
2017-03-22 23:00:00,168.06991,128.89532,200.57864,164.72740555555555
2017-03-23 00:00:00,100.34457,70.78343299999999,113.44958,95.52062166666667
2017-03-23 01:00:00,0.0,0.0,0.0,0.0
2017-03-23 02:00:00,0.0,0.0,0.0,0.0
2017-03-23 03:00:00,0.0,0.0,0.0,0.0
2017-03-23 04:00:00,0.0,0.0,0.0,0.0
2017-03-23 05:00:00,0.0,0.0,0.0,0.0
2017-03-23 06:00:00,56.630488,54.529912,65.38884900000001,57.76513766666666
2017-03-23 07:00:00,0.0,0.0,0.19902274,0.022113637777777778
2017-03-23 08:00:00,0.0,0.0,0.0,0.0
2017-03-23 09:00:00,0.0,0.0,0.0,0.0
2017-03-23 10:00:00,0.0,0.0,0.0,0.0
2017-03-23 11:00:00,0.0,0.0,0.0,0.0
2017-03-23 12:00:00,19.589683,18.24597,21.98969,19.846682666666666
2017-03-23 13:00:00,0.0,0.0,0.0,0.0
2017-03-23 14:00:00,0.0,0.0,0.0,0.0
2017-03-23 15:00:00,0.0,0.0,0.0,0.0
2017-03-23 16:00:00,0.0,0.0,0.0,0.0
2017-03-23 17:00:00,23.429957,21.459104,24.636094,23.29501088888889
2017-03-23 18:00:00,0.0062363434,0.0008827910099999999,0.026856473000000002,0.010710985545555557
2017-03-23 19:00:00,0.0,0.0,0.0,0.0
2017-03-23 20:00:00,0.0,0.0,0.0,0.0
2017-03-23 21:00:00,0.0,0.0,0.0,0.0
2017-03-23 22:00:00,0.0,0.0,0.0,0.0
2017-03-23 23:00:00,0.0,0.0,0.0,0.0
2017-03-24 00:00:00,0.25444569,0.25255844,0.26310909,0.2577701422222222
2017-03-24 01:00:00,0.0,0.0,0.0,0.0
2017-03-24 02:00:00,0.0,0.0,0.0,0.0
2017-03-24 03:00:00,0.0,0.0,0.0,0.0
2017-03-24 04:00:00,0.0,0.0,0.0,0.0
2017-03-24 05:00:00,0.0,0.0,0.0,0.0
2017-03-24 06:00:00,48.408689,48.408689,76.564094,56.287382
2017-03-24 07:00:00,0.0,0.0,0.0,0.0
2017-03-24 08:00:00,0.0,0.0,0.0,0.0
2017-03-24 09:00:00,0.0,0.0,0.0,0.0
2017-03-24 10:00:00,0.0,0.0,0.0,0.0
2017-03-24 11:00:00,0.0,0.0,0.0,0.0
2017-03-24 12:00:00,17.658167,16.831465,19.140722,17.712638777777777
2017-03-24 13:00:00,0.0,0.0,0.0,0.0
2017-03-24 14:00:00,0.0,0.0,0.0,0.0
2017-03-24 15:00:00,0.0,0.0,0.0,0.0
2017-03-24 16:00:00,0.0,0.0,0.0,0.0
2017-03-24 17:00:00,13.919165,13.478534,14.041409,13.789165666666667
2017-03-24 18:00:00,0.2073959,0.047224692,0.71940764,0.2605860042222223
2017-03-24 19:00:00,0.0,0.0,0.0,0.0
2017-03-24 20:00:00,0.0,0.0,0.0,0.0
2017-03-24 21:00:00,0.0,0.0,0.0,0.0
2017-03-24 22:00:00,0.0,0.0,0.0,0.0
2017-03-24 23:00:00,0.0,0.0,0.0,0.0
2017-03-25 00:00:00,0.043077452999999995,0.012608494,0.10091983,0.051032631777777775
2017-03-25 01:00:00,0.0,0.0,0.0,0.0
2017-03-25 02:00:00,0.0,0.0,0.0,0.0
2017-03-25 03:00:00,0.0,0.0,0.0,0.0
2017-03-25 04:00:00,0.0,0.0,0.0,0.0
2017-03-25 05:00:00,65.951994,13.983529,106.55142000000001,63.42902266666667
2017-03-25 06:00:00,2.535164,0.2976941,8.2680854,3.501963011111111
2017-03-25 07:00:00,0.0,0.0,0.0,0.0
2017-03-25 08:00:00,0.0,0.0,0.0,0.0
2017-03-25 09:00:00,0.0,0.0,0.0,0.0
2017-03-25 10:00:00,0.0,0.0,0.0,0.0
2017-03-25 11:00:00,0.0,0.0,0.0,0.0
2017-03-25 12:00:00,32.388943999999995,29.411332,35.543315,32.46464122222223
2017-03-25 13:00:00,0.0,0.0,0.0,0.0
2017-03-25 14:00:00,0.0,0.0,0.0,0.0
2017-03-25 15:00:00,0.0,0.0,0.0,0.0
2017-03-25 16:00:00,0.0,0.0,0.0,0.0
2017-03-25 17:00:00,5.9183531,3.228381,10.027859000000001,6.128462244444444
2017-03-25 18:00:00,12.873562,8.653391,17.811408,13.017046188888889
2017-03-25 19:00:00,0.34124304,0.21105977,0.51003076,0.3505229411111112
2017-03-25 20:00:00,0.0,0.0,0.0,0.0
2017-03-25 21:00:00,0.0,0.0,0.0,0.0
2017-03-25 22:00:00,0.0,0.0,0.0,0.0
2017-03-25 23:00:00,0.0,0.0,0.0,0.0
2017-03-26 00:00:00,0.0,0.0,0.0,0.0
2017-03-26 01:00:00,0.0,0.0,0.0,0.0
2017-03-26 02:00:00,0.0,0.0,0.0,0.0
2017-03-26 03:00:00,0.0,0.0,0.0,0.0
2017-03-26 04:00:00,0.0,0.0,0.0,0.0
2017-03-26 05:00:00,0.0,0.0,0.0,0.0
2017-03-26 06:00:00,0.0,0.0,0.0,0.0
2017-03-26 07:00:00,0.0,0.0,0.0,0.0
2017-03-26 08:00:00,0.0,0.0,0.0,0.0
2017-03-26 09:00:00,0.0,0.0,0.0,0.0
2017-03-26 10:00:00,0.0,0.0,0.0,0.0
2017-03-26 11:00:00,0.0,0.0,15.501104,2.861294788888889
2017-03-26 12:00:00,39.162132,32.988409999999995,41.799713999999994,38.62407822222221
2017-03-26 13:00:00,0.0,0.0,0.0,0.0
2017-03-26 14:00:00,0.0,0.0,0.0,0.0
2017-03-26 15:00:00,0.0,0.0,0.0,0.0
2017-03-26 16:00:00,0.0,0.0,0.0,0.0
2017-03-26 17:00:00,4.4197936,2.4077628,7.63341,4.634735911111111
2017-03-26 18:00:00,2.4923547,1.4353433999999998,3.9342384999999997,2.551616633333333
2017-03-26 19:00:00,0.0,0.0,0.0,0.0
2017-03-26 20:00:00,0.0,0.0,0.0,0.0
2017-03-26 21:00:00,0.0,0.0,0.0,0.0
2017-03-26 22:00:00,0.0,0.0,0.0,0.0
2017-03-26 23:00:00,0.0,0.0,0.0,0.0
2017-03-27 00:00:00,0.0,0.0,0.0,0.0
2017-03-27 01:00:00,0.0,0.0,0.0,0.0
2017-03-27 02:00:00,0.0,0.0,0.0,0.0
2017-03-27 03:00:00,0.0,0.0,0.0,0.0
2017-03-27 04:00:00,0.0,0.0,0.0,0.0
2017-03-27 05:00:00,0.0,0.0,0.0,0.0
2017-03-27 06:00:00,0.0,0.0,0.0,0.0
2017-03-27 07:00:00,0.0,0.0,0.0,0.0
2017-03-27 08:00:00,0.0,0.0,0.0,0.0
2017-03-27 09:00:00,0.0,0.0,0.0,0.0
2017-03-27 10:00:00,0.0,0.0,0.0,0.0
2017-03-27 11:00:00,89.03769799999999,5.917964199999999,188.31870999999998,94.91239135555556
2017-03-27 12:00:00,1.8180853000000001,0.040505032,9.3220797,3.3301656002222226
2017-03-27 13:00:00,0.0,0.0,0.0,0.0
2017-03-27 14:00:00,0.0,0.0,0.0,0.0
2017-03-27 15:00:00,0.0,0.0,0.0,0.0
2017-03-27 16:00:00,0.0,0.0,0.0,0.0
2017-03-27 17:00:00,2.1197852,0.91904838,4.0380746,2.338783697777778
2017-03-27 18:00:00,0.21008923000000002,0.073683161,0.50744347,0.23274654233333336
2017-03-27 19:00:00,0.0,0.0,0.0,0.0
2017-03-27 20:00:00,0.0,0.0,0.0,0.0
2017-03-27 21:00:00,0.0,0.0,0.0,0.0
2017-03-27 22:00:00,0.0,0.0,0.0,0.0
2017-03-27 23:00:00,0.0,0.0,0.0,0.0
2017-03-28 00:00:00,0.0,0.0,0.0,0.0
2017-03-28 01:00:00,0.0020380078000000004,0.00082416063,0.0049322395,0.002346029781111111
2017-03-28 02:00:00,0.0,0.0,0.0,0.0
2017-03-28 03:00:00,0.0,0.0,0.0,0.0
2017-03-28 04:00:00,0.0,0.0,0.0,0.0
2017-03-28 05:00:00,0.0,0.0,0.0,0.0
2017-03-28 06:00:00,0.0,0.0,0.0,0.0
2017-03-28 07:00:00,0.0,0.0,0.0,0.0
2017-03-28 08:00:00,0.0,0.0,0.0,0.0
2017-03-28 09:00:00,0.0,0.0,0.0,0.0
2017-03-28 10:00:00,0.0,0.0,0.0,0.0
2017-03-28 11:00:00,0.0,0.0,0.0,0.0
2017-03-28 12:00:00,0.0,0.0,0.0,0.0
2017-03-28 13:00:00,0.0,0.0,0.0,0.0
2017-03-28 14:00:00,0.0,0.0,0.0,0.0
2017-03-28 15:00:00,0.0,0.0,0.0,0.0
2017-03-28 16:00:00,0.0,0.0,0.0,0.0
2017-03-28 17:00:00,0.0,0.0,0.0,0.0
2017-03-28 18:00:00,0.25107258000000005,0.098519983,0.5288598,0.2800033758888889
2017-03-28 19:00:00,0.35074845,0.20843528,0.54320577,0.36131274777777783
2017-03-28 20:00:00,0.0,0.0,0.0010529946,0.0001169994
2017-03-28 21:00:00,0.0,0.0,0.0,0.0
2017-03-28 22:00:00,0.0,0.0,0.0,0.0
2017-03-28 23:00:00,0.0,0.0,0.0,0.0
2017-03-29 00:00:00,0.05104252,0.049516814,0.053095405,0.05129569266666667
2017-03-29 01:00:00,0.030683584,0.029381694,0.032403133,0.03086047411111111
2017-03-29 02:00:00,0.0084224165,0.0078598017,0.0091066248,0.008466453711111111
2017-03-29 03:00:00,0.00013254621,0.00012219507,0.00014512705,0.00013333542
2017-03-29 04:00:00,0.0,0.0,0.0,0.0
2017-03-29 05:00:00,0.0,0.0,0.0,0.0
2017-03-29 06:00:00,0.0,0.0,0.0,0.0
2017-03-29 07:00:00,0.0,0.0,0.0,0.0
2017-03-29 08:00:00,0.0,0.0,0.0,0.0
2017-03-29 09:00:00,0.0,0.0,0.0,0.0
2017-03-29 10:00:00,0.0,0.0,0.0,0.0
2017-03-29 11:00:00,0.0,0.0,0.0,0.0
2017-03-29 12:00:00,0.0,0.0,0.0,0.0
2017-03-29 13:00:00,0.0,0.0,0.0,0.0
2017-03-29 14:00:00,0.0,0.0,0.0,0.0
2017-03-29 15:00:00,0.0,0.0,0.0,0.0
2017-03-29 16:00:00,0.0,0.0,0.0,0.0
2017-03-29 17:00:00,0.0,0.0,0.0,0.0
2017-03-29 18:00:00,0.24655816,0.10338786,0.50443623,0.27822863555555555
2017-03-29 19:00:00,0.34356074000000003,0.21516138999999998,0.50265385,0.34957354111111116
2017-03-29 20:00:00,0.0,0.0,0.0019269562000000001,0.0003125816077777778
2017-03-29 21:00:00,0.0,0.0,0.0,0.0
2017-03-29 22:00:00,0.0,0.0,0.0,0.0
2017-03-29 23:00:00,0.0,0.0,0.0,0.0
2017-03-30 00:00:00,0.0,0.0,0.0,0.0
2017-03-30 01:00:00,0.0,0.0,0.0,0.0
2017-03-30 02:00:00,0.0,0.0,0.0,0.0
2017-03-30 03:00:00,0.0,0.0,0.0,0.0
2017-03-30 04:00:00,0.0,0.0,0.0,0.0
2017-03-30 05:00:00,0.0,0.0,0.0,0.0
2017-03-30 06:00:00,0.0,0.0,0.0,0.0
2017-03-30 07:00:00,0.0,0.0,0.0,0.0
2017-03-30 08:00:00,0.0,0.0,0.0,0.0
2017-03-30 09:00:00,0.0,0.0,0.0,0.0
2017-03-30 10:00:00,0.0,0.0,0.0,0.0
2017-03-30 11:00:00,0.0,0.0,0.0,0.0
2017-03-30 12:00:00,0.0,0.0,0.0,0.0
2017-03-30 13:00:00,0.0,0.0,0.0,0.0
2017-03-30 14:00:00,0.0,0.0,0.0,0.0
2017-03-30 15:00:00,0.0,0.0,0.0,0.0
2017-03-30 16:00:00,0.0,0.0,0.0,0.0
2017-03-30 17:00:00,0.0,0.0,0.0,0.0
2017-03-30 18:00:00,0.0,0.0,0.0,0.0
2017-03-30 19:00:00,0.0,0.0,0.0,0.0
2017-03-30 20:00:00,0.0,0.0,0.0,0.0
2017-03-30 21:00:00,0.0,0.0,0.0,0.0
2017-03-30 22:00:00,0.0,0.0,0.0,0.0
2017-03-30 23:00:00,0.0,0.0,0.0,0.0
2017-03-31 00:00:00,0.0,0.0,0.0,0.0
2017-03-31 01:00:00,0.0,0.0,0.007223286,0.0008025873333333333
2017-03-31 02:00:00,1.5396843,1.0752856,2.1110902,1.5297842666666668
2017-03-31 03:00:00,5.4971847,4.5917053999999995,6.6014891,5.455763022222223
2017-03-31 04:00:00,8.4701587,7.3471274,9.6340518,8.468513344444442
2017-03-31 05:00:00,11.464720999999999,10.307438,12.725966,11.476623777777778
2017-03-31 06:00:00,12.017403,11.125739,12.95518,12.017191222222221
2017-03-31 07:00:00,11.551299,10.901009,12.22126,11.584038
2017-03-31 08:00:00,30.190926,27.934651000000002,34.692479000000006,31.043857555555558
2017-03-31 09:00:00,7.3242253999999996,7.0544206,7.5981106,7.324495988888889
2017-03-31 10:00:00,6.6911966,6.4977894,6.8853606,6.690121755555555
2017-03-31 11:00:00,7.2866887,7.0905153,7.4830732,7.285552222222224
2017-03-31 12:00:00,2.2522891,2.2036829,2.3000541,2.252022466666667
2017-03-31 13:00:00,0.59585437,0.5821953,0.60944268,0.5958003222222223
2017-03-31 14:00:00,0.48585684,0.47013670999999996,0.50473301,0.48696146111111116
2017-03-31 15:00:00,1.330302,1.2621202999999999,1.4112964000000001,1.3350539222222222
2017-03-31 16:00:00,1.8159886,1.7423497,1.8941854999999999,1.8175995777777776
2017-03-31 17:00:00,,,,
2017-03-31 18:00:00,,,,
2017-03-31 19:00:00,,,,
2017-03-31 20:00:00,,,,
2017-03-31 21:00:00,,,,
2017-03-31 22:00:00,,,,
2017-03-31 23:00:00,,,,
