Timestamp,Pacaya_raw,Pacaya_KNN
2017-03-01 00:00:00,14.2278845,14.2278845
2017-03-01 01:00:00,18.8317772,18.8317772
2017-03-01 02:00:00,42.4108412,42.4108412
2017-03-01 03:00:00,39.6160028,39.6160028
2017-03-01 04:00:00,14.359266199999999,14.359266199999999
2017-03-01 05:00:00,,25.42668189555998
2017-03-01 06:00:00,42.2575016,42.2575016
2017-03-01 07:00:00,33.5557973,33.5557973
2017-03-01 08:00:00,48.570930499999996,48.570930499999996
2017-03-01 09:00:00,23.3482994,23.3482994
2017-03-01 10:00:00,4.452310099999999,4.452310099999999
2017-03-01 11:00:00,12.2208116,12.2208116
2017-03-01 12:00:00,17.0059961,17.0059961
2017-03-01 13:00:00,16.8146555,16.8146555
2017-03-01 14:00:00,29.1784955,29.1784955
2017-03-01 15:00:00,23.2083317,23.2083317
2017-03-01 16:00:00,26.0008805,26.0008805
2017-03-01 17:00:00,24.098938399999998,24.098938399999998
2017-03-01 18:00:00,18.4332278,18.4332278
2017-03-01 19:00:00,3.9564845,3.9564845
2017-03-01 20:00:00,2.1404183,2.1404183
2017-03-01 21:00:00,2.6608412,2.6608412
2017-03-01 22:00:00,1.3732433000000002,1.3732433000000002
2017-03-01 23:00:00,0.9396662,0.9396662
2017-03-02 00:00:00,,9.520253946493629
2017-03-02 01:00:00,,10.836144564580897
2017-03-02 02:00:00,,11.37078330315574
2017-03-02 03:00:00,,11.584391917971743
2017-03-02 04:00:00,,11.617837042486377
2017-03-02 05:00:00,,11.531797563578172
2017-03-02 06:00:00,,11.355992654393637
2017-03-02 07:00:00,,11.104465226207699
2017-03-02 08:00:00,,10.780643417106262
2017-03-02 09:00:00,,10.377171505998986
2017-03-02 10:00:00,,9.869101680307187
2017-03-02 11:00:00,,9.187123884532712
2017-03-02 12:00:00,,8.077051812076128
2017-03-02 13:00:00,2.7387989,2.7387989
2017-03-02 14:00:00,2.7768794,2.7768794
2017-03-02 15:00:00,6.861716599999999,6.861716599999999
2017-03-02 16:00:00,13.515993799999999,13.515993799999999
2017-03-02 17:00:00,6.399106099999999,6.399106099999999
2017-03-02 18:00:00,6.813301099999999,6.813301099999999
2017-03-02 19:00:00,6.1304756,6.1304756
2017-03-02 20:00:00,5.751515,5.751515
2017-03-02 21:00:00,3.2079284,3.2079284
2017-03-02 22:00:00,0.7155239000000001,0.7155239000000001
2017-03-02 23:00:00,0.46948729999999994,0.46948729999999994
2017-03-03 00:00:00,,6.473667416887441
2017-03-03 01:00:00,,7.448842012911448
2017-03-03 02:00:00,,8.019598734745363
2017-03-03 03:00:00,,8.152454571594248
2017-03-03 04:00:00,,8.227204420092058
2017-03-03 05:00:00,,8.098344657174419
2017-03-03 06:00:00,,8.319079603113686
2017-03-03 07:00:00,,8.50570424270023
2017-03-03 08:00:00,,8.653911037034323
2017-03-03 09:00:00,,8.740055700689846
2017-03-03 10:00:00,,8.682511745322136
2017-03-03 11:00:00,,8.05002565821416
2017-03-03 12:00:00,1.1260301000000001,1.1260301000000001
2017-03-03 13:00:00,3.3253022000000003,3.3253022000000003
2017-03-03 14:00:00,20.547085100000004,20.547085100000004
2017-03-03 15:00:00,25.983931100000003,25.983931100000003
2017-03-03 16:00:00,21.2889155,21.2889155
2017-03-03 17:00:00,8.5005773,8.5005773
2017-03-03 18:00:00,5.4213038000000005,5.4213038000000005
2017-03-03 19:00:00,9.4547522,9.4547522
2017-03-03 20:00:00,1.1264117,1.1264117
2017-03-03 21:00:00,,8.28714426613457
2017-03-03 22:00:00,,8.895385200829628
2017-03-03 23:00:00,,8.454977490607005
2017-03-04 00:00:00,1.9746767,1.9746767
2017-03-04 01:00:00,,8.632664264738018
2017-03-04 02:00:00,,9.853839198576578
2017-03-04 03:00:00,,10.441691473535212
2017-03-04 04:00:00,,10.810921086027703
2017-03-04 05:00:00,,11.0645005984165
2017-03-04 06:00:00,,11.274967138361989
2017-03-04 07:00:00,,11.399674982635267
2017-03-04 08:00:00,,11.472192877952478
2017-03-04 09:00:00,,11.48822342736019
2017-03-04 10:00:00,,11.432355905465606
2017-03-04 11:00:00,,11.266873411174695
2017-03-04 12:00:00,,10.890374198208065
2017-03-04 13:00:00,,9.976454844665511
2017-03-04 14:00:00,2.0382767,2.0382767
2017-03-04 15:00:00,6.6342194,6.6342194
2017-03-04 16:00:00,10.549848800000001,10.549848800000001
2017-03-04 17:00:00,11.2609445,11.2609445
2017-03-04 18:00:00,35.645486600000005,35.645486600000005
2017-03-04 19:00:00,23.226950600000002,23.226950600000002
2017-03-04 20:00:00,2.4326762000000004,2.4326762000000004
2017-03-04 21:00:00,1.8568099999999998,1.8568099999999998
2017-03-04 22:00:00,1.0393751,1.0393751
2017-03-04 23:00:00,0.0540362,0.0540362
2017-03-05 00:00:00,1.0794749,1.0794749
2017-03-05 01:00:00,0.37861880000000003,0.37861880000000003
2017-03-05 02:00:00,,10.380763087832419
2017-03-05 03:00:00,,12.770469902792016
2017-03-05 04:00:00,,14.338700726295441
2017-03-05 05:00:00,,15.565864989785702
2017-03-05 06:00:00,,17.00970543219513
2017-03-05 07:00:00,,17.9255622612057
2017-03-05 08:00:00,,18.804279671301984
2017-03-05 09:00:00,,19.370077933279017
2017-03-05 10:00:00,,19.776342117143333
2017-03-05 11:00:00,,19.312671543528573
2017-03-05 12:00:00,7.433735,7.433735
2017-03-05 13:00:00,19.3204478,19.3204478
2017-03-05 14:00:00,22.527477800000003,22.527477800000003
2017-03-05 15:00:00,35.4461006,35.4461006
2017-03-05 16:00:00,30.9992522,30.9992522
2017-03-05 17:00:00,33.027790100000004,33.027790100000004
2017-03-05 18:00:00,14.2980989,14.2980989
2017-03-05 19:00:00,3.3476417,3.3476417
2017-03-05 20:00:00,33.22433,33.22433
2017-03-05 21:00:00,75.121625,75.121625
2017-03-05 22:00:00,70.4555156,70.4555156
2017-03-05 23:00:00,23.4362105,23.4362105
2017-03-06 00:00:00,39.89417329999999,39.89417329999999
2017-03-06 01:00:00,,30.809474252735566
2017-03-06 02:00:00,,28.819287495176667
2017-03-06 03:00:00,,27.500438560234645
2017-03-06 04:00:00,,26.33848818043041
2017-03-06 05:00:00,,25.281131623683343
2017-03-06 06:00:00,,24.3402892867929
2017-03-06 07:00:00,,23.273346146766297
2017-03-06 08:00:00,,21.82976216334464
2017-03-06 09:00:00,,19.158054029066697
2017-03-06 10:00:00,1.1220551,1.1220551
2017-03-06 11:00:00,4.8949660999999995,4.8949660999999995
2017-03-06 12:00:00,15.691193300000002,15.691193300000002
2017-03-06 13:00:00,22.9187927,22.9187927
2017-03-06 14:00:00,28.0115945,28.0115945
2017-03-06 15:00:00,29.153755100000005,29.153755100000005
2017-03-06 16:00:00,34.0920566,34.0920566
2017-03-06 17:00:00,43.66644829999999,43.66644829999999
2017-03-06 18:00:00,17.7342161,17.7342161
2017-03-06 19:00:00,21.7862039,21.7862039
2017-03-06 20:00:00,29.581019899999998,29.581019899999998
2017-03-06 21:00:00,7.9225805,7.9225805
2017-03-06 22:00:00,25.1486723,25.1486723
2017-03-06 23:00:00,55.228419499999994,55.228419499999994
2017-03-07 00:00:00,6.7279817,6.7279817
2017-03-07 01:00:00,37.726923799999994,37.726923799999994
2017-03-07 02:00:00,23.7613655,23.7613655
2017-03-07 03:00:00,39.7508189,39.7508189
2017-03-07 04:00:00,30.0819017,30.0819017
2017-03-07 05:00:00,44.423622200000004,44.423622200000004
2017-03-07 06:00:00,9.598233800000001,9.598233800000001
2017-03-07 07:00:00,5.379455,5.379455
2017-03-07 08:00:00,2.7878345,2.7878345
2017-03-07 09:00:00,11.094916699999999,11.094916699999999
2017-03-07 10:00:00,23.9869706,23.9869706
2017-03-07 11:00:00,27.3671039,27.3671039
2017-03-07 12:00:00,23.6242439,23.6242439
2017-03-07 13:00:00,31.78538,31.78538
2017-03-07 14:00:00,16.703260099999998,16.703260099999998
2017-03-07 15:00:00,8.3250095,8.3250095
2017-03-07 16:00:00,7.3667006,7.3667006
2017-03-07 17:00:00,6.634473799999999,6.634473799999999
2017-03-07 18:00:00,5.442975499999999,5.442975499999999
2017-03-07 19:00:00,3.8263112,3.8263112
2017-03-07 20:00:00,2.4208466,2.4208466
2017-03-07 21:00:00,3.0172237999999996,3.0172237999999996
2017-03-07 22:00:00,51.4232156,51.4232156
2017-03-07 23:00:00,37.5172823,37.5172823
2017-03-08 00:00:00,,21.408814908452538
2017-03-08 01:00:00,,18.81763348352923
2017-03-08 02:00:00,,17.44169794363469
2017-03-08 03:00:00,,16.414601194734434
2017-03-08 04:00:00,,15.498488110544743
2017-03-08 05:00:00,,14.528555186815629
2017-03-08 06:00:00,,13.667987241474231
2017-03-08 07:00:00,,12.908991974009343
2017-03-08 08:00:00,,11.997892571948626
2017-03-08 09:00:00,,10.805974260076749
2017-03-08 10:00:00,,9.292920484528054
2017-03-08 11:00:00,3.5783188999999997,3.5783188999999997
2017-03-08 12:00:00,1.9772683999999998,1.9772683999999998
2017-03-08 13:00:00,1.5667621999999999,1.5667621999999999
2017-03-08 14:00:00,2.8084727000000003,2.8084727000000003
2017-03-08 15:00:00,12.1220567,12.1220567
2017-03-08 16:00:00,20.5381016,20.5381016
2017-03-08 17:00:00,4.5695249,4.5695249
2017-03-08 18:00:00,3.609785,3.609785
2017-03-08 19:00:00,2.4947339,2.4947339
2017-03-08 20:00:00,2.4186206,2.4186206
2017-03-08 21:00:00,0.6076901,0.6076901
2017-03-08 22:00:00,,8.782541272356866
2017-03-08 23:00:00,,10.995502337285217
2017-03-09 00:00:00,15.7198133,15.7198133
2017-03-09 01:00:00,,12.393522032834259
2017-03-09 02:00:00,,12.439462199730086
2017-03-09 03:00:00,,12.590841441279105
2017-03-09 04:00:00,,12.938107176857246
2017-03-09 05:00:00,,13.215498233483153
2017-03-09 06:00:00,,13.653016452722168
2017-03-09 07:00:00,,14.003847281001658
2017-03-09 08:00:00,,14.653177779264592
2017-03-09 09:00:00,,14.850327526159942
2017-03-09 10:00:00,,14.80344151592412
2017-03-09 11:00:00,,14.572531021621783
2017-03-09 12:00:00,,12.934045280200221
2017-03-09 13:00:00,1.1068706,1.1068706
2017-03-09 14:00:00,11.7964883,11.7964883
2017-03-09 15:00:00,14.460819500000001,14.460819500000001
2017-03-09 16:00:00,12.431613800000001,12.431613800000001
2017-03-09 17:00:00,5.9549078,5.9549078
2017-03-09 18:00:00,28.2409838,28.2409838
2017-03-09 19:00:00,18.6218177,18.6218177
2017-03-09 20:00:00,15.775415599999999,15.775415599999999
2017-03-09 21:00:00,10.5425984,10.5425984
2017-03-09 22:00:00,8.718502699999998,8.718502699999998
2017-03-09 23:00:00,3.5574421999999997,3.5574421999999997
2017-03-10 00:00:00,19.358814499999998,19.358814499999998
2017-03-10 01:00:00,,20.884499015244096
2017-03-10 02:00:00,27.9532733,27.9532733
2017-03-10 03:00:00,11.845905499999999,11.845905499999999
2017-03-10 04:00:00,55.6051223,55.6051223
2017-03-10 05:00:00,59.354644400000005,59.354644400000005
2017-03-10 06:00:00,23.911986199999998,23.911986199999998
2017-03-10 07:00:00,,23.498502586424184
2017-03-10 08:00:00,1.2699728000000001,1.2699728000000001
2017-03-10 09:00:00,23.384233399999996,23.384233399999996
2017-03-10 10:00:00,28.806642200000002,28.806642200000002
2017-03-10 11:00:00,30.010097299999998,30.010097299999998
2017-03-10 12:00:00,26.204352800000002,26.204352800000002
2017-03-10 13:00:00,20.6290178,20.6290178
2017-03-10 14:00:00,24.862011199999998,24.862011199999998
2017-03-10 15:00:00,27.4937951,27.4937951
2017-03-10 16:00:00,20.0513867,20.0513867
2017-03-10 17:00:00,23.9638838,23.9638838
2017-03-10 18:00:00,9.6183155,9.6183155
2017-03-10 19:00:00,29.6975828,29.6975828
2017-03-10 20:00:00,25.2432455,25.2432455
2017-03-10 21:00:00,65.5573139,65.5573139
2017-03-10 22:00:00,27.0315662,27.0315662
2017-03-10 23:00:00,18.1007588,18.1007588
2017-03-11 00:00:00,38.9116805,38.9116805
2017-03-11 01:00:00,2.5596695,2.5596695
2017-03-11 02:00:00,,25.287739460403092
2017-03-11 03:00:00,,27.33883270481039
2017-03-11 04:00:00,,28.268956646226783
2017-03-11 05:00:00,,28.804420295772413
2017-03-11 06:00:00,,28.62063763575523
2017-03-11 07:00:00,,27.89845030789892
2017-03-11 08:00:00,,25.386439442049774
2017-03-11 09:00:00,0.3726722,0.3726722
2017-03-11 10:00:00,7.699519400000001,7.699519400000001
2017-03-11 11:00:00,29.7086651,29.7086651
2017-03-11 12:00:00,35.250498799999995,35.250498799999995
2017-03-11 13:00:00,44.546465600000005,44.546465600000005
2017-03-11 14:00:00,38.3023289,38.3023289
2017-03-11 15:00:00,50.2919783,50.2919783
2017-03-11 16:00:00,42.74684,42.74684
2017-03-11 17:00:00,51.0160961,51.0160961
2017-03-11 18:00:00,10.549260499999999,10.549260499999999
2017-03-11 19:00:00,30.5604122,30.5604122
2017-03-11 20:00:00,72.44686340000001,72.44686340000001
2017-03-11 21:00:00,67.13567509999999,67.13567509999999
2017-03-11 22:00:00,43.194425,43.194425
2017-03-11 23:00:00,13.992230599999997,13.992230599999997
2017-03-12 00:00:00,4.462358900000001,4.462358900000001
2017-03-12 01:00:00,55.662203299999994,55.662203299999994
2017-03-12 02:00:00,31.3911395,31.3911395
2017-03-12 03:00:00,64.28208620000001,64.28208620000001
2017-03-12 04:00:00,47.672373799999995,47.672373799999995
2017-03-12 05:00:00,50.0084972,50.0084972
2017-03-12 06:00:00,26.695710499999997,26.695710499999997
2017-03-12 07:00:00,20.3909789,20.3909789
2017-03-12 08:00:00,30.8616695,30.8616695
2017-03-12 09:00:00,55.25042510000001,55.25042510000001
2017-03-12 10:00:00,41.996693900000004,41.996693900000004
2017-03-12 11:00:00,27.0593117,27.0593117
2017-03-12 12:00:00,18.9774212,18.9774212
2017-03-12 13:00:00,12.223323800000001,12.223323800000001
2017-03-12 14:00:00,18.268122199999997,18.268122199999997
2017-03-12 15:00:00,40.115644399999994,40.115644399999994
2017-03-12 16:00:00,38.6861072,38.6861072
2017-03-12 17:00:00,35.0127461,35.0127461
2017-03-12 18:00:00,36.55316989999999,36.55316989999999
2017-03-12 19:00:00,25.2313205,25.2313205
2017-03-12 20:00:00,29.306617699999997,29.306617699999997
2017-03-12 21:00:00,73.9435622,73.9435622
2017-03-12 22:00:00,38.858495,38.858495
2017-03-12 23:00:00,6.270522799999999,6.270522799999999
2017-03-13 00:00:00,10.352847800000001,10.352847800000001
2017-03-13 01:00:00,29.5078799,29.5078799
2017-03-13 02:00:00,46.1167973,46.1167973
2017-03-13 03:00:00,9.016707199999999,9.016707199999999
2017-03-13 04:00:00,0.0231584,0.0231584
2017-03-13 05:00:00,,22.38006167266649
2017-03-13 06:00:00,,23.812128796842078
2017-03-13 07:00:00,,23.715242873995788
2017-03-13 08:00:00,,22.81931145928329
2017-03-13 09:00:00,,20.86222658843775
2017-03-13 10:00:00,2.2257377,2.2257377
2017-03-13 11:00:00,15.7463822,15.7463822
2017-03-13 12:00:00,10.19795,10.19795
2017-03-13 13:00:00,12.4721588,12.4721588
2017-03-13 14:00:00,25.2163745,25.2163745
2017-03-13 15:00:00,36.5618672,36.5618672
2017-03-13 16:00:00,32.508829999999996,32.508829999999996
2017-03-13 17:00:00,24.7774073,24.7774073
2017-03-13 18:00:00,43.494935,43.494935
2017-03-13 19:00:00,54.348322700000004,54.348322700000004
2017-03-13 20:00:00,31.5676295,31.5676295
2017-03-13 21:00:00,41.563752799999996,41.563752799999996
2017-03-13 22:00:00,66.36926329999999,66.36926329999999
2017-03-13 23:00:00,24.8191289,24.8191289
2017-03-14 00:00:00,4.9320449,4.9320449
2017-03-14 01:00:00,30.325171700000002,30.325171700000002
2017-03-14 02:00:00,55.2559106,55.2559106
2017-03-14 03:00:00,23.3894327,23.3894327
2017-03-14 04:00:00,1.5345806,1.5345806
2017-03-14 05:00:00,36.468677299999996,36.468677299999996
2017-03-14 06:00:00,31.747967300000003,31.747967300000003
2017-03-14 07:00:00,3.8961122,3.8961122
2017-03-14 08:00:00,0.5719151,0.5719151
2017-03-14 09:00:00,1.6644994999999998,1.6644994999999998
2017-03-14 10:00:00,11.302793300000001,11.302793300000001
2017-03-14 11:00:00,30.6414545,30.6414545
2017-03-14 12:00:00,27.488532199999998,27.488532199999998
2017-03-14 13:00:00,21.503899399999998,21.503899399999998
2017-03-14 14:00:00,20.6212427,20.6212427
2017-03-14 15:00:00,21.1225538,21.1225538
2017-03-14 16:00:00,20.7937895,20.7937895
2017-03-14 17:00:00,19.6134212,19.6134212
2017-03-14 18:00:00,23.995047800000002,23.995047800000002
2017-03-14 19:00:00,17.166331699999997,17.166331699999997
2017-03-14 20:00:00,38.8320851,38.8320851
2017-03-14 21:00:00,54.4231799,54.4231799
2017-03-14 22:00:00,34.4673284,34.4673284
2017-03-14 23:00:00,11.5573205,11.5573205
2017-03-15 00:00:00,16.8877478,16.8877478
2017-03-15 01:00:00,3.1837127,3.1837127
2017-03-15 02:00:00,1.5775106,1.5775106
2017-03-15 03:00:00,1.4061721999999999,1.4061721999999999
2017-03-15 04:00:00,1.1592133999999998,1.1592133999999998
2017-03-15 05:00:00,1.081685,1.081685
2017-03-15 06:00:00,0.9253562,0.9253562
2017-03-15 07:00:00,0.39041659999999995,0.39041659999999995
2017-03-15 08:00:00,0.4724288,0.4724288
2017-03-15 09:00:00,0.8223401,0.8223401
2017-03-15 10:00:00,2.6846912,2.6846912
2017-03-15 11:00:00,6.2306137999999995,6.2306137999999995
2017-03-15 12:00:00,8.660674400000001,8.660674400000001
2017-03-15 13:00:00,14.0703473,14.0703473
2017-03-15 14:00:00,20.4329867,20.4329867
2017-03-15 15:00:00,13.489075099999999,13.489075099999999
2017-03-15 16:00:00,33.223789399999994,33.223789399999994
2017-03-15 17:00:00,40.935829999999996,40.935829999999996
2017-03-15 18:00:00,17.851415,17.851415
2017-03-15 19:00:00,7.8441617,7.8441617
2017-03-15 20:00:00,28.972081699999997,28.972081699999997
2017-03-15 21:00:00,16.643062699999998,16.643062699999998
2017-03-15 22:00:00,11.8596272,11.8596272
2017-03-15 23:00:00,28.2629099,28.2629099
2017-03-16 00:00:00,,12.926660070775446
2017-03-16 01:00:00,1.3140317,1.3140317
2017-03-16 02:00:00,7.9400705,7.9400705
2017-03-16 03:00:00,22.7854712,22.7854712
2017-03-16 04:00:00,2.773445,2.773445
2017-03-16 05:00:00,1.7417894,1.7417894
2017-03-16 06:00:00,,7.846932840055195
2017-03-16 07:00:00,,7.838041614400938
2017-03-16 08:00:00,,6.950881197201061
2017-03-16 09:00:00,0.19413110000000003,0.19413110000000003
2017-03-16 10:00:00,1.4194328,1.4194328
2017-03-16 11:00:00,2.3597906,2.3597906
2017-03-16 12:00:00,11.8596272,11.8596272
2017-03-16 13:00:00,20.440984399999998,20.440984399999998
2017-03-16 14:00:00,6.0705962,6.0705962
2017-03-16 15:00:00,5.4673184,5.4673184
2017-03-16 16:00:00,6.1126994,6.1126994
2017-03-16 17:00:00,5.447204900000001,5.447204900000001
2017-03-16 18:00:00,1.6921178,1.6921178
2017-03-16 19:00:00,1.5003638000000001,1.5003638000000001
2017-03-16 20:00:00,0.6070223000000001,0.6070223000000001
2017-03-16 21:00:00,,5.416407957414338
2017-03-16 22:00:00,,6.082818892006621
2017-03-16 23:00:00,,6.326291058427343
2017-03-17 00:00:00,,6.316499650669665
2017-03-17 01:00:00,,6.0077869658272
2017-03-17 02:00:00,3.9248117,3.9248117
2017-03-17 03:00:00,3.5973512000000003,3.5973512000000003
2017-03-17 04:00:00,1.6129993999999999,1.6129993999999999
2017-03-17 05:00:00,,6.317817361838833
2017-03-17 06:00:00,,7.131340368626653
2017-03-17 07:00:00,,7.340953224175668
2017-03-17 08:00:00,,7.382784052685594
2017-03-17 09:00:00,,7.603937292182394
2017-03-17 10:00:00,,7.486475986593715
2017-03-17 11:00:00,,6.796014190622108
2017-03-17 12:00:00,0.1764344,0.1764344
2017-03-17 13:00:00,5.2748489,5.2748489
2017-03-17 14:00:00,15.263562799999999,15.263562799999999
2017-03-17 15:00:00,14.079092300000001,14.079092300000001
2017-03-17 16:00:00,13.9104251,13.9104251
2017-03-17 17:00:00,13.0617149,13.0617149
2017-03-17 18:00:00,4.105483400000001,4.105483400000001
2017-03-17 19:00:00,1.9836284,1.9836284
2017-03-17 20:00:00,0.4966127,0.4966127
2017-03-17 21:00:00,0.4657349,0.4657349
2017-03-17 22:00:00,,6.0829530606515085
2017-03-17 23:00:00,,6.429800331746077
2017-03-18 00:00:00,0.8226899,0.8226899
2017-03-18 01:00:00,,7.225919348454853
2017-03-18 02:00:00,,8.573444392234176
2017-03-18 03:00:00,,9.370049947442189
2017-03-18 04:00:00,,9.951160581097485
2017-03-18 05:00:00,,10.3438189155107
2017-03-18 06:00:00,,10.586383144589133
2017-03-18 07:00:00,,10.870952585668988
2017-03-18 08:00:00,,11.069515984430542
2017-03-18 09:00:00,,11.134130672427583
2017-03-18 10:00:00,,10.69441384747282
2017-03-18 11:00:00,4.469180000000001,4.469180000000001
2017-03-18 12:00:00,7.535781200000001,7.535781200000001
2017-03-18 13:00:00,7.617252799999999,7.617252799999999
2017-03-18 14:00:00,12.789268400000001,12.789268400000001
2017-03-18 15:00:00,21.173386100000002,21.173386100000002
2017-03-18 16:00:00,25.0245251,25.0245251
2017-03-18 17:00:00,47.8264766,47.8264766
2017-03-18 18:00:00,41.6896967,41.6896967
2017-03-18 19:00:00,7.175185099999999,7.175185099999999
2017-03-18 20:00:00,4.6686773,4.6686773
2017-03-18 21:00:00,15.281466199999999,15.281466199999999
2017-03-18 22:00:00,32.589125,32.589125
2017-03-18 23:00:00,1.7037089,1.7037089
2017-03-19 00:00:00,,11.548590712702552
2017-03-19 01:00:00,2.8189667000000003,2.8189667000000003
2017-03-19 02:00:00,,11.326935901916501
2017-03-19 03:00:00,,12.147899894947487
2017-03-19 04:00:00,,12.346001416315282
2017-03-19 05:00:00,,12.36716598874294
2017-03-19 06:00:00,,12.221111773187458
2017-03-19 07:00:00,,11.840427669694783
2017-03-19 08:00:00,,10.921064482829411
2017-03-19 09:00:00,0.40292990000000006,0.40292990000000006
2017-03-19 10:00:00,12.7022795,12.7022795
2017-03-19 11:00:00,29.8493006,29.8493006
2017-03-19 12:00:00,6.25793,6.25793
2017-03-19 13:00:00,20.903292800000003,20.903292800000003
2017-03-19 14:00:00,24.3673622,24.3673622
2017-03-19 15:00:00,23.8288451,23.8288451
2017-03-19 16:00:00,7.7441666,7.7441666
2017-03-19 17:00:00,7.057986200000001,7.057986200000001
2017-03-19 18:00:00,4.956769400000001,4.956769400000001
2017-03-19 19:00:00,2.8989278,2.8989278
2017-03-19 20:00:00,2.2232572999999998,2.2232572999999998
2017-03-19 21:00:00,1.2426883999999998,1.2426883999999998
2017-03-19 22:00:00,0.17618,0.17618
2017-03-19 23:00:00,0.20982440000000002,0.20982440000000002
2017-03-20 00:00:00,,7.281266361567549
2017-03-20 01:00:00,,8.943704334431043
2017-03-20 02:00:00,,9.944380103018709
2017-03-20 03:00:00,,10.805011931870114
2017-03-20 04:00:00,,11.507141185412145
2017-03-20 05:00:00,,11.874932841777927
2017-03-20 06:00:00,,11.98268511841565
2017-03-20 07:00:00,,11.98603392635814
2017-03-20 08:00:00,,12.214873446703939
2017-03-20 09:00:00,,12.200357021851694
2017-03-20 10:00:00,,11.973759246359206
2017-03-20 11:00:00,,11.120794251882485
2017-03-20 12:00:00,2.7272873,2.7272873
2017-03-20 13:00:00,12.6940433,12.6940433
2017-03-20 14:00:00,9.2841134,9.2841134
2017-03-20 15:00:00,8.912641699999998,8.912641699999998
2017-03-20 16:00:00,15.5858399,15.5858399
2017-03-20 17:00:00,21.042719899999998,21.042719899999998
2017-03-20 18:00:00,28.8926294,28.8926294
2017-03-20 19:00:00,7.5061595,7.5061595
2017-03-20 20:00:00,3.6345572,3.6345572
2017-03-20 21:00:00,1.8075676999999999,1.8075676999999999
2017-03-20 22:00:00,0.5351384,0.5351384
2017-03-20 23:00:00,0.055673900000000005,0.055673900000000005
2017-03-21 00:00:00,27.663559399999997,27.663559399999997
2017-03-21 01:00:00,,17.178268260298942
2017-03-21 02:00:00,,17.509729775307992
2017-03-21 03:00:00,,18.173548654054525
2017-03-21 04:00:00,,18.786427502142125
2017-03-21 05:00:00,,19.239800258084816
2017-03-21 06:00:00,,19.389590725399852
2017-03-21 07:00:00,18.6300539,18.6300539
2017-03-21 08:00:00,13.3061138,13.3061138
2017-03-21 09:00:00,,18.19731872938381
2017-03-21 10:00:00,0.28932440000000004,0.28932440000000004
2017-03-21 11:00:00,5.802474500000001,5.802474500000001
2017-03-21 12:00:00,26.9559299,26.9559299
2017-03-21 13:00:00,44.930784499999994,44.930784499999994
2017-03-21 14:00:00,47.355709399999995,47.355709399999995
2017-03-21 15:00:00,34.31615120000001,34.31615120000001
2017-03-21 16:00:00,45.108912200000006,45.108912200000006
2017-03-21 17:00:00,46.066044500000004,46.066044500000004
2017-03-21 18:00:00,26.9920706,26.9920706
2017-03-21 19:00:00,11.3349749,11.3349749
2017-03-21 20:00:00,30.7326728,30.7326728
2017-03-21 21:00:00,59.7653573,59.7653573
2017-03-21 22:00:00,10.8574184,10.8574184
2017-03-21 23:00:00,9.798860000000001,9.798860000000001
2017-03-22 00:00:00,,32.48822018927855
2017-03-22 01:00:00,19.020239899999996,19.020239899999996
2017-03-22 02:00:00,76.1612306,76.1612306
2017-03-22 03:00:00,108.2513738,108.2513738
2017-03-22 04:00:00,,52.88630076873603
2017-03-22 05:00:00,,45.531510094194076
2017-03-22 06:00:00,,42.43590431515314
2017-03-22 07:00:00,,40.77035212387405
2017-03-22 08:00:00,,40.608400801786566
2017-03-22 09:00:00,,40.38174131334391
2017-03-22 10:00:00,,40.11138386316771
2017-03-22 11:00:00,,39.900960443145124
2017-03-22 12:00:00,,39.663275431107316
2017-03-22 13:00:00,,39.48863461878637
2017-03-22 14:00:00,,39.26582017345808
2017-03-22 15:00:00,,39.42438567112888
2017-03-22 16:00:00,,39.925173514361404
2017-03-22 17:00:00,,40.46311471824708
2017-03-22 18:00:00,,41.2310702297528
2017-03-22 19:00:00,,42.26765825155948
2017-03-22 20:00:00,,43.11161014779626
2017-03-22 21:00:00,,44.186853948619145
2017-03-22 22:00:00,,46.11761397741471
2017-03-22 23:00:00,,50.603832676621074
2017-03-23 00:00:00,72.67717490000001,72.67717490000001
2017-03-23 01:00:00,,50.44782443688863
2017-03-23 02:00:00,,45.68973228806563
2017-03-23 03:00:00,,43.87061967979031
2017-03-23 04:00:00,,42.72223899758858
2017-03-23 05:00:00,,41.763159940922165
2017-03-23 06:00:00,,40.40491765436948
2017-03-23 07:00:00,,38.9487183078596
2017-03-23 08:00:00,,37.359949367295435
2017-03-23 09:00:00,,35.11065514027195
2017-03-23 10:00:00,,31.0888120939809
2017-03-23 11:00:00,7.641818300000001,7.641818300000001
2017-03-23 12:00:00,11.2431206,11.2431206
2017-03-23 13:00:00,23.745624499999998,23.745624499999998
2017-03-23 14:00:00,32.014340000000004,32.014340000000004
2017-03-23 15:00:00,35.7511739,35.7511739
2017-03-23 16:00:00,39.547632799999995,39.547632799999995
2017-03-23 17:00:00,17.2601417,17.2601417
2017-03-23 18:00:00,12.952625,12.952625
2017-03-23 19:00:00,69.76450159999999,69.76450159999999
2017-03-23 20:00:00,146.3089778,146.3089778
2017-03-23 21:00:00,122.44089950000001,122.44089950000001
2017-03-23 22:00:00,94.6146911,94.6146911
2017-03-23 23:00:00,96.0902588,96.0902588
2017-03-24 00:00:00,2.6984605999999998,2.6984605999999998
2017-03-24 01:00:00,78.4055156,78.4055156
2017-03-24 02:00:00,88.3865339,88.3865339
2017-03-24 03:00:00,44.91660170000001,44.91660170000001
2017-03-24 04:00:00,13.254518300000003,13.254518300000003
2017-03-24 05:00:00,4.7674799000000005,4.7674799000000005
2017-03-24 06:00:00,0.22731439999999997,0.22731439999999997
2017-03-24 07:00:00,,24.391880208473943
2017-03-24 08:00:00,4.1085362000000005,4.1085362000000005
2017-03-24 09:00:00,2.6500928,2.6500928
2017-03-24 10:00:00,9.0708149,9.0708149
2017-03-24 11:00:00,28.870115000000002,28.870115000000002
2017-03-24 12:00:00,24.2221634,24.2221634
2017-03-24 13:00:00,35.2307828,35.2307828
2017-03-24 14:00:00,47.753288899999994,47.753288899999994
2017-03-24 15:00:00,41.501075,41.501075
2017-03-24 16:00:00,36.632495,36.632495
2017-03-24 17:00:00,34.018280600000004,34.018280600000004
2017-03-24 18:00:00,38.51317879999999,38.51317879999999
2017-03-24 19:00:00,30.9375761,30.9375761
2017-03-24 20:00:00,41.7066461,41.7066461
2017-03-24 21:00:00,10.2638873,10.2638873
2017-03-24 22:00:00,6.715468400000001,6.715468400000001
2017-03-24 23:00:00,4.475078900000001,4.475078900000001
2017-03-25 00:00:00,5.199832700000001,5.199832700000001
2017-03-25 01:00:00,2.5597649,2.5597649
2017-03-25 02:00:00,28.0975022,28.0975022
2017-03-25 03:00:00,57.51630229999999,57.51630229999999
2017-03-25 04:00:00,42.748684399999995,42.748684399999995
2017-03-25 05:00:00,21.0599078,21.0599078
2017-03-25 06:00:00,33.0457094,33.0457094
2017-03-25 07:00:00,25.8986117,25.8986117
2017-03-25 08:00:00,36.4176701,36.4176701
2017-03-25 09:00:00,4.0300856,4.0300856
2017-03-25 10:00:00,3.4556822,3.4556822
2017-03-25 11:00:00,9.1574222,9.1574222
2017-03-25 12:00:00,50.4111806,50.4111806
2017-03-25 13:00:00,60.242071100000004,60.242071100000004
2017-03-25 14:00:00,56.181831200000005,56.181831200000005
2017-03-25 15:00:00,45.8466722,45.8466722
2017-03-25 16:00:00,54.8127299,54.8127299
2017-03-25 17:00:00,26.901313399999996,26.901313399999996
2017-03-25 18:00:00,15.390174499999999,15.390174499999999
2017-03-25 19:00:00,12.1914761,12.1914761
2017-03-25 20:00:00,10.4828462,10.4828462
2017-03-25 21:00:00,8.1351794,8.1351794
2017-03-25 22:00:00,7.0925050999999995,7.0925050999999995
2017-03-25 23:00:00,6.2683127,6.2683127
2017-03-26 00:00:00,4.4817728,4.4817728
2017-03-26 01:00:00,3.7133894,3.7133894
2017-03-26 02:00:00,3.7606282999999996,3.7606282999999996
2017-03-26 03:00:00,2.6517623,2.6517623
2017-03-26 04:00:00,14.6592356,14.6592356
2017-03-26 05:00:00,21.1404572,21.1404572
2017-03-26 06:00:00,17.0714405,17.0714405
2017-03-26 07:00:00,12.600646699999999,12.600646699999999
2017-03-26 08:00:00,27.3241262,27.3241262
2017-03-26 09:00:00,28.7800733,28.7800733
2017-03-26 10:00:00,52.313075,52.313075
2017-03-26 11:00:00,69.19892270000001,69.19892270000001
2017-03-26 12:00:00,66.561065,66.561065
2017-03-26 13:00:00,62.3082284,62.3082284
2017-03-26 14:00:00,63.0516806,63.0516806
2017-03-26 15:00:00,65.08136329999999,65.08136329999999
2017-03-26 16:00:00,58.26365,58.26365
2017-03-26 17:00:00,62.6430983,62.6430983
2017-03-26 18:00:00,22.8230906,22.8230906
2017-03-26 19:00:00,10.9591784,10.9591784
2017-03-26 20:00:00,8.585642300000002,8.585642300000002
2017-03-26 21:00:00,15.2708927,15.2708927
2017-03-26 22:00:00,9.2909345,9.2909345
2017-03-26 23:00:00,4.713960500000001,4.713960500000001
2017-03-27 00:00:00,4.0331383999999995,4.0331383999999995
2017-03-27 01:00:00,3.7573211000000004,3.7573211000000004
2017-03-27 02:00:00,9.5103545,9.5103545
2017-03-27 03:00:00,14.6571845,14.6571845
2017-03-27 04:00:00,3.6262733,3.6262733
2017-03-27 05:00:00,9.1999388,9.1999388
2017-03-27 06:00:00,14.961876199999999,14.961876199999999
2017-03-27 07:00:00,11.7675344,11.7675344
2017-03-27 08:00:00,14.405837300000002,14.405837300000002
2017-03-27 09:00:00,20.257339399999996,20.257339399999996
2017-03-27 10:00:00,38.963562200000005,38.963562200000005
2017-03-27 11:00:00,42.604614500000004,42.604614500000004
2017-03-27 12:00:00,57.763642700000005,57.763642700000005
2017-03-27 13:00:00,52.7139299,52.7139299
2017-03-27 14:00:00,51.4795811,51.4795811
2017-03-27 15:00:00,48.4556555,48.4556555
2017-03-27 16:00:00,50.8689416,50.8689416
2017-03-27 17:00:00,48.7049039,48.7049039
2017-03-27 18:00:00,14.3407745,14.3407745
2017-03-27 19:00:00,9.8984894,9.8984894
2017-03-27 20:00:00,7.6978022,7.6978022
2017-03-27 21:00:00,6.332119400000001,6.332119400000001
2017-03-27 22:00:00,5.5166561,5.5166561
2017-03-27 23:00:00,4.801156099999999,4.801156099999999
2017-03-28 00:00:00,5.9489294,5.9489294
2017-03-28 01:00:00,3.7962761,3.7962761
2017-03-28 02:00:00,2.4118472,2.4118472
2017-03-28 03:00:00,1.7370511999999998,1.7370511999999998
2017-03-28 04:00:00,0.6498728,0.6498728
2017-03-28 05:00:00,,17.073385028841574
2017-03-28 06:00:00,,20.011903954054905
2017-03-28 07:00:00,,20.99331645280798
2017-03-28 08:00:00,3.5376467000000003,3.5376467000000003
2017-03-28 09:00:00,28.5126989,28.5126989
2017-03-28 10:00:00,73.53375559999999,73.53375559999999
2017-03-28 11:00:00,21.367032199999997,21.367032199999997
2017-03-28 12:00:00,15.9464678,15.9464678
2017-03-28 13:00:00,38.6742299,38.6742299
2017-03-28 14:00:00,63.4731101,63.4731101
2017-03-28 15:00:00,70.4621777,70.4621777
2017-03-28 16:00:00,58.809735499999995,58.809735499999995
2017-03-28 17:00:00,55.919862800000004,55.919862800000004
2017-03-28 18:00:00,26.7745745,26.7745745
2017-03-28 19:00:00,13.9005989,13.9005989
2017-03-28 20:00:00,11.297562199999998,11.297562199999998
2017-03-28 21:00:00,8.5724294,8.5724294
2017-03-28 22:00:00,7.6988516,7.6988516
2017-03-28 23:00:00,6.3145499,6.3145499
2017-03-29 00:00:00,3.2643416000000003,3.2643416000000003
2017-03-29 01:00:00,5.7239762,5.7239762
2017-03-29 02:00:00,5.6174939,5.6174939
2017-03-29 03:00:00,19.9926362,19.9926362
2017-03-29 04:00:00,3.4916638999999994,3.4916638999999994
2017-03-29 05:00:00,0.0274355,0.0274355
2017-03-29 06:00:00,,15.630435360146487
2017-03-29 07:00:00,,18.022843449503235
2017-03-29 08:00:00,,18.87206969158573
2017-03-29 09:00:00,4.182980000000001,4.182980000000001
2017-03-29 10:00:00,34.3195856,34.3195856
2017-03-29 11:00:00,47.9777333,47.9777333
2017-03-29 12:00:00,10.0623389,10.0623389
2017-03-29 13:00:00,13.121212699999997,13.121212699999997
2017-03-29 14:00:00,19.318985,19.318985
2017-03-29 15:00:00,57.6436295,57.6436295
2017-03-29 16:00:00,71.281775,71.281775
2017-03-29 17:00:00,58.23975229999999,58.23975229999999
2017-03-29 18:00:00,13.740183800000002,13.740183800000002
2017-03-29 19:00:00,9.8899988,9.8899988
2017-03-29 20:00:00,8.2093688,8.2093688
2017-03-29 21:00:00,6.6265238,6.6265238
2017-03-29 22:00:00,5.916875,5.916875
2017-03-29 23:00:00,5.649755,5.649755
2017-03-30 00:00:00,8.2299116,8.2299116
2017-03-30 01:00:00,3.2742473,3.2742473
2017-03-30 02:00:00,1.5397322,1.5397322
2017-03-30 03:00:00,0.9148145000000001,0.9148145000000001
2017-03-30 04:00:00,,12.749563987134355
2017-03-30 05:00:00,,13.54691474565248
2017-03-30 06:00:00,0.28568330000000003,0.28568330000000003
2017-03-30 07:00:00,,16.57814651303806
2017-03-30 08:00:00,,18.4546715738197
2017-03-30 09:00:00,7.5604739,7.5604739
2017-03-30 10:00:00,8.9507222,8.9507222
2017-03-30 11:00:00,37.3848989,37.3848989
2017-03-30 12:00:00,42.6986789,42.6986789
2017-03-30 13:00:00,62.8573667,62.8573667
2017-03-30 14:00:00,70.16685109999999,70.16685109999999
2017-03-30 15:00:00,41.4358055,41.4358055
2017-03-30 16:00:00,20.9653823,20.9653823
2017-03-30 17:00:00,19.5963923,19.5963923
2017-03-30 18:00:00,15.365736199999999,15.365736199999999
2017-03-30 19:00:00,12.4626506,12.4626506
2017-03-30 20:00:00,10.633323800000001,10.633323800000001
2017-03-30 21:00:00,6.2365445,6.2365445
2017-03-30 22:00:00,5.5657394,5.5657394
2017-03-30 23:00:00,5.9472917,5.9472917
2017-03-31 00:00:00,5.5123472,5.5123472
2017-03-31 01:00:00,7.0308767,7.0308767
2017-03-31 02:00:00,5.659120099999999,5.659120099999999
2017-03-31 03:00:00,12.7426655,12.7426655
2017-03-31 04:00:00,10.823153900000001,10.823153900000001
2017-03-31 05:00:00,4.2308867,4.2308867
2017-03-31 06:00:00,3.0762127999999995,3.0762127999999995
2017-03-31 07:00:00,9.6476828,9.6476828
2017-03-31 08:00:00,13.576032199999998,13.576032199999998
2017-03-31 09:00:00,33.477012800000004,33.477012800000004
2017-03-31 10:00:00,170.46413059999998,170.46413059999998
2017-03-31 11:00:00,36.531657200000005,36.531657200000005
2017-03-31 12:00:00,37.5648551,37.5648551
2017-03-31 13:00:00,63.7585628,63.7585628
2017-03-31 14:00:00,41.8805444,41.8805444
2017-03-31 15:00:00,42.415118299999996,42.415118299999996
2017-03-31 16:00:00,57.647572700000005,57.647572700000005
2017-03-31 17:00:00,37.4906816,37.4906816
2017-03-31 18:00:00,19.20053,19.20053
2017-03-31 19:00:00,14.8122095,14.8122095
2017-03-31 20:00:00,11.9225912,11.9225912
2017-03-31 21:00:00,9.2285588,9.2285588
2017-03-31 22:00:00,7.704575599999999,7.704575599999999
2017-03-31 23:00:00,7.042881200000001,7.042881200000001
