Timestamp,Pacaya_raw,Pacaya_KNN,ECMWF_raw,ECMWF_min,ECMWF_max,ECMWF_area,NAM_raw,NAM_min,NAM_max,NAM_area
2017-03-01 00:00:00,14.2278845,14.2278845,31.199316999999997,8.6852342,53.981923,31.356817022222216,0.0,0.0,0.0,0.0
2017-03-01 01:00:00,18.8317772,18.8317772,28.832335,15.875909,30.813145999999996,25.487562444444443,0.0,0.0,0.0,0.0
2017-03-01 02:00:00,42.4108412,42.4108412,95.93114399999999,27.507172,164.78972000000002,95.8748598888889,0.0,0.0,0.0,0.0
2017-03-01 03:00:00,39.6160028,39.6160028,53.625565,8.2640418,157.06281,67.17928453333333,0.0,0.0,0.0,0.0
2017-03-01 04:00:00,14.359266199999999,14.359266199999999,16.078255,0.46286248999999996,80.92103999999999,27.02115368222222,0.0,0.0,0.0,0.0
2017-03-01 05:00:00,,25.42668189555998,1.5705050999999999,0.18020545999999998,11.067292,3.375293094444445,2.2267984000000003,0.0,30.044943,7.15827831111111
2017-03-01 06:00:00,42.2575016,42.2575016,0.087208889,0.0,0.66146396,0.2240288386666667,16.468237000000002,16.093116000000002,19.176152,17.330197000000002
2017-03-01 07:00:00,33.5557973,33.5557973,0.3467029,0.0,1.5585291000000001,0.5927590084444445,0.0,0.0,0.0,0.0
2017-03-01 08:00:00,48.570930499999996,48.570930499999996,0.16634453,0.13405661000000002,10.093827000000001,2.4113308444444446,0.0,0.0,0.0,0.0
2017-03-01 09:00:00,23.3482994,23.3482994,4.6303303,0.0,38.702909999999996,10.843436177777777,0.0,0.0,0.0,0.0
2017-03-01 10:00:00,4.452310099999999,4.452310099999999,4.1380931,2.6697537000000002,17.04651,6.810694933333333,0.0,0.0,0.0,0.0
2017-03-01 11:00:00,12.2208116,12.2208116,1.3327529999999999,0.23766279,3.7112213,1.687567851111111,0.0,0.0,0.0,0.0
2017-03-01 12:00:00,17.0059961,17.0059961,7.851536800000001,3.8241750999999997,8.712563600000001,6.9983922666666665,20.513498000000002,19.339299,22.499071,20.905209555555555
2017-03-01 13:00:00,16.8146555,16.8146555,13.556775,6.5029499,16.086042,12.42172031111111,0.0,0.0,0.0,0.0
2017-03-01 14:00:00,29.1784955,29.1784955,18.836578,4.5246306,40.354105000000004,20.64647768888889,0.0,0.0,0.0,0.0
2017-03-01 15:00:00,23.2083317,23.2083317,24.841866,3.4464636,88.45496600000001,34.15050462222223,0.0,0.0,0.0,0.0
2017-03-01 16:00:00,26.0008805,26.0008805,40.37104,10.517584000000001,93.96393599999999,45.100648666666665,0.0,0.0,1.5185155000000001,0.45573998888888895
2017-03-01 17:00:00,24.098938399999998,24.098938399999998,62.44819100000001,21.839969,108.74042999999999,63.001671333333334,50.820592,46.678872999999996,56.461642000000005,51.092852444444446
2017-03-01 18:00:00,18.4332278,18.4332278,58.236266,19.020998000000002,109.04026,60.021693,0.35045624999999997,0.30386985,0.41367778,0.3574196233333333
2017-03-01 19:00:00,3.9564845,3.9564845,141.15028999999998,31.419328000000004,364.30653,164.37962655555555,0.0,0.0,0.0,0.0
2017-03-01 20:00:00,2.1404183,2.1404183,118.15617,19.29974,373.35689,150.90653255555557,0.0,0.0,0.0,0.0
2017-03-01 21:00:00,2.6608412,2.6608412,27.442031,1.7181266,144.52737,46.34288783333333,0.0,0.0,0.0,0.0
2017-03-01 22:00:00,1.3732433000000002,1.3732433000000002,0.7819848,0.0,19.394047,4.316502368888889,0.0,0.0,0.0,0.0
2017-03-01 23:00:00,0.9396662,0.9396662,0.0,0.0,0.037103963,0.004122662555555556,210.78142,158.43779,242.32017,204.83173999999997
2017-03-02 00:00:00,,9.520253946493629,0.0,0.0,43.108485,9.730240144444444,0.73731121,0.25292658,2.2471947,0.9396990788888888
2017-03-02 01:00:00,,10.836144564580897,1.6330864,0.0,42.458236,10.124235506666666,0.0,0.0,0.0,0.0
2017-03-02 02:00:00,,11.37078330315574,0.0,0.0,3.8591052,0.7686021122222222,0.0,0.0,0.0,0.0
2017-03-02 03:00:00,,11.584391917971743,0.19659356,0.0,2.6493797,0.6655323788888889,0.0,0.0,0.0,0.0
2017-03-02 04:00:00,,11.617837042486377,0.3323085,0.0,2.5968898,0.7343718877777777,0.0,0.0,0.0,0.0
2017-03-02 05:00:00,,11.531797563578172,0.51122481,0.0,2.788599,0.9010865103333335,83.99678300000001,21.091594999999998,122.62290999999999,76.41876733333332
2017-03-02 06:00:00,,11.355992654393637,0.11644136,0.0,0.59390061,0.20154767088888892,12.650129999999999,6.6063249,15.889073999999999,12.105803766666668
2017-03-02 07:00:00,,11.104465226207699,0.0,0.0,0.0,0.0,0.0,0.0,0.0,0.0
2017-03-02 08:00:00,,10.780643417106262,0.0,0.0,0.0,0.0,0.0,0.0,0.0,0.0
2017-03-02 09:00:00,,10.377171505998986,0.0,0.0,0.0,0.0,0.0,0.0,0.0,0.0
2017-03-02 10:00:00,,9.869101680307187,0.0,0.0,0.0,0.0,0.0,0.0,0.0,0.0
2017-03-02 11:00:00,,9.187123884532712,0.0,0.0,0.0,0.0,0.0,0.0,0.0,0.0
2017-03-02 12:00:00,,8.077051812076128,2.1524907,0.5828220000000001,3.9436476999999996,2.225684376666667,26.727128,23.065184,45.978401999999996,28.767499333333333
2017-03-02 13:00:00,2.7387989,2.7387989,3.9854534999999998,1.1547095,7.2342964,4.118881233333333,10.799625,3.1716149000000002,25.335292,12.635715566666667
2017-03-02 14:00:00,2.7768794,2.7768794,1.9163548999999998,0.2860954,6.5450777,2.613360981111111,0.0,0.0,0.0,0.0
2017-03-02 15:00:00,6.861716599999999,6.861716599999999,1.0483383,0.0,10.726745999999999,2.810604322911111,0.0,0.0,0.0,0.0
2017-03-02 16:00:00,13.515993799999999,13.515993799999999,4.9486962000000005,0.0,24.37331,7.7542095899999985,0.0,0.0,1.3856591,0.4494159666666666
2017-03-02 17:00:00,6.399106099999999,6.399106099999999,24.01352,5.0244716,69.007088,29.044329566666665,11.08069,9.8539676,12.752289,11.149638066666666
2017-03-02 18:00:00,6.813301099999999,6.813301099999999,34.130364,8.441365,86.581924,39.24382722222222,1.0140924,0.7005019699999999,1.4015592000000001,1.0796281666666667
2017-03-02 19:00:00,6.1304756,6.1304756,140.28366,33.03889,346.04091,157.49549888888887,0.0,0.0,0.0,0.0
2017-03-02 20:00:00,5.751515,5.751515,156.92783999999997,41.19474,364.18394,171.55051111111112,0.0,0.0,0.0,0.0
2017-03-02 21:00:00,3.2079284,3.2079284,27.628712,5.0055532,113.52440999999999,40.87987603333333,0.0,0.0,0.0,0.0
2017-03-02 22:00:00,0.7155239000000001,0.7155239000000001,0.0,0.0,5.7906809,1.192873418888889,0.0,0.0,0.0,0.0
2017-03-02 23:00:00,0.46948729999999994,0.46948729999999994,0.0,0.0,0.0,0.0,206.54635000000002,195.22493,219.64865,206.8922177777778
2017-03-03 00:00:00,,6.473667416887441,0.0,0.0,0.0,0.0,0.017613015,0.0050333462,0.042333809,0.021201779855555557
2017-03-03 01:00:00,,7.448842012911448,0.0,0.0,0.0,0.0,0.0,0.0,0.0,0.0
2017-03-03 02:00:00,,8.019598734745363,0.0,0.0,0.0,0.0,0.0,0.0,0.0,0.0
2017-03-03 03:00:00,,8.152454571594248,0.0,0.0,0.0,0.0,0.0,0.0,0.0,0.0
2017-03-03 04:00:00,,8.227204420092058,0.0,0.0,0.0,0.0,0.0,0.0,0.0,0.0
2017-03-03 05:00:00,,8.098344657174419,0.0,0.0,0.0,0.0,1042.7424,580.70966,1415.0393,981.2170666666667
2017-03-03 06:00:00,,8.319079603113686,0.0,0.0,0.0,0.0,155.70245,24.619063,403.07452,190.689979
2017-03-03 07:00:00,,8.50570424270023,0.0,0.0,0.11758608000000001,0.01906119788888889,0.0,0.0,0.0,0.0
2017-03-03 08:00:00,,8.653911037034323,0.0,0.0,0.19918270999999999,0.039780219111111105,0.0,0.0,0.0,0.0
2017-03-03 09:00:00,,8.740055700689846,0.0,0.0,0.29680172,0.06966285444444445,0.0,0.0,0.0,0.0
2017-03-03 10:00:00,,8.682511745322136,0.0074186621,0.0,0.090231907,0.024249674799999996,0.0,0.0,0.0,0.0
2017-03-03 11:00:00,,8.05002565821416,0.0,0.0,0.0,0.0,614.2428600000001,419.60142,839.51163,574.7474633333334
2017-03-03 12:00:00,1.1260301000000001,1.1260301000000001,0.18937767,0.0,1.288103,0.3955363255555555,435.64514,176.08324,724.6647099999999,454.6156666666667
2017-03-03 13:00:00,3.3253022000000003,3.3253022000000003,0.077162511,0.0,0.7252642100000001,0.19951231465555555,0.0,0.0,0.0,0.0
2017-03-03 14:00:00,20.547085100000004,20.547085100000004,0.0,0.0,0.13231731,0.030053722711111112,0.0,0.0,0.0,0.0
2017-03-03 15:00:00,25.983931100000003,25.983931100000003,0.0,0.0,0.0,0.0,0.0,0.0,0.0,0.0
2017-03-03 16:00:00,21.2889155,21.2889155,0.0,0.0,0.017184426,0.0019093806666666666,30.447450999999997,10.108942,63.35316,34.495917222222225
2017-03-03 17:00:00,8.5005773,8.5005773,0.0,0.0,1.0749685999999998,0.11944095555555553,23.670656,18.957806,26.984130999999998,23.023904666666667
2017-03-03 18:00:00,5.4213038000000005,5.4213038000000005,0.0,0.0,6.1038554000000005,1.2974425922222224,2.4282904,0.40077646,8.722609899999998,3.5404544411111107
2017-03-03 19:00:00,9.4547522,9.4547522,3.1963955000000004,0.0,20.186684,5.863020587777778,0.045232365,0.0,0.39525031,0.11930194166666667
2017-03-03 20:00:00,1.1264117,1.1264117,36.107918000000005,0.25981925,176.63441,57.53802961666666,0.0,0.0,0.0,0.0
2017-03-03 21:00:00,,8.28714426613457,20.449164,0.0,133.17629,38.92831940111111,0.0,0.0,0.0,0.0
2017-03-03 22:00:00,,8.895385200829628,2.5002169000000003,0.0,60.420669,14.379499223333333,0.0,0.0,0.0,0.0
2017-03-03 23:00:00,,8.454977490607005,0.0,0.0,10.009368,2.0717370344444443,175.93926,168.58492999999999,185.625,176.36697777777778
2017-03-04 00:00:00,1.9746767,1.9746767,0.0,0.0,0.0,0.0,0.0,0.0,0.0,0.0
2017-03-04 01:00:00,,8.632664264738018,0.0,0.0,1.2120971,0.19375184,0.0,0.0,0.0,0.0
2017-03-04 02:00:00,,9.853839198576578,0.0,0.0,0.885774,0.16102855066666666,0.0,0.0,0.0,0.0
2017-03-04 03:00:00,,10.441691473535212,0.0,0.0,0.047505722,0.007210993766666667,0.0,0.0,0.0,0.0
2017-03-04 04:00:00,,10.810921086027703,0.0,0.0,0.0,0.0,0.0,0.0,0.0,0.0
2017-03-04 05:00:00,,11.0645005984165,0.0,0.0,0.0,0.0,875.66103,544.76142,1008.4956999999999,798.3864577777778
2017-03-04 06:00:00,,11.274967138361989,0.0,0.0,0.0,0.0,13.234287,2.0549079999999997,48.809048,16.371055733333336
2017-03-04 07:00:00,,11.399674982635267,0.0,0.0,0.0,0.0,0.0,0.0,0.0,0.0
2017-03-04 08:00:00,,11.472192877952478,0.0,0.0,0.0,0.0,0.0,0.0,0.0,0.0
2017-03-04 09:00:00,,11.48822342736019,0.0,0.0,0.49449578999999994,0.10248022555555554,0.0,0.0,0.0,0.0
2017-03-04 10:00:00,,11.432355905465606,0.38047546000000004,0.0,2.2045108,0.6948713138888888,0.0,0.0,0.0,0.0
2017-03-04 11:00:00,,11.266873411174695,1.614571,0.29005733,4.369509,1.9740029311111114,362.19732,273.95494,743.68145,411.1564888888889
2017-03-04 12:00:00,,10.890374198208065,0.59248765,0.056243767,2.8400996,0.9772850865555553,32.759079,13.064991,87.909699,40.87803811111112
2017-03-04 13:00:00,,9.976454844665511,0.32171279999999997,0.0,2.4867222,0.7030952814666667,0.0,0.0,0.0,0.0
2017-03-04 14:00:00,2.0382767,2.0382767,0.33319815999999997,0.0,3.691755,0.9518110746666666,0.0,0.0,0.0,0.0
2017-03-04 15:00:00,6.6342194,6.6342194,0.067820054,0.0,4.8293041,0.984157256,0.0,0.0,0.0,0.0
2017-03-04 16:00:00,10.549848800000001,10.549848800000001,2.6774294,0.0,17.199538,4.990400774444444,0.60668907,0.0,4.0712134,1.4492248666666667
2017-03-04 17:00:00,11.2609445,11.2609445,9.370822200000001,0.85530814,37.965932,13.368838926666667,15.840070999999998,14.08091,17.266000000000002,15.711148
2017-03-04 18:00:00,35.645486600000005,35.645486600000005,14.618271,2.2924653,50.714545,19.287294711111112,2.2855925,2.2018473,2.392138,2.2935750444444447
2017-03-04 19:00:00,23.226950600000002,23.226950600000002,20.132977,3.7571671999999996,61.300954,25.016614533333335,0.0,0.0,0.0,0.0
2017-03-04 20:00:00,2.4326762000000004,2.4326762000000004,83.654297,12.167938999999999,282.47024999999996,109.7873271111111,0.0,0.0,0.0,0.0
2017-03-04 21:00:00,1.8568099999999998,1.8568099999999998,78.236197,8.8592087,306.38259999999997,111.25728318888889,0.0,0.0,0.0,0.0
2017-03-04 22:00:00,1.0393751,1.0393751,55.148848,2.1416479,253.88971,85.29881525555555,0.0,0.0,0.0,0.0
2017-03-04 23:00:00,0.0540362,0.0540362,66.086934,5.28793,285.49973,98.11588677777777,117.73780000000001,103.57238000000001,122.98358,114.27094777777776
2017-03-05 00:00:00,1.0794749,1.0794749,3.3181075,0.072199128,21.293938999999998,6.305041858666666,0.21069701999999998,0.20998739,0.22044883999999998,0.21474645555555555
2017-03-05 01:00:00,0.37861880000000003,0.37861880000000003,0.0,0.0,0.0,0.0,0.0,0.0,0.0,0.0
2017-03-05 02:00:00,,10.380763087832419,0.0,0.0,0.0,0.0,0.0,0.0,0.0,0.0
2017-03-05 03:00:00,,12.770469902792016,0.0,0.0,0.0,0.0,0.0,0.0,0.0,0.0
2017-03-05 04:00:00,,14.338700726295441,0.0,0.0,0.0,0.0,0.0,0.0,0.0,0.0
2017-03-05 05:00:00,,15.565864989785702,0.0,0.0,0.0,0.0,478.88009999999997,323.65241,566.81689,456.2679022222222
2017-03-05 06:00:00,,17.00970543219513,0.0,0.0,0.0,0.0,0.1482978,0.14804786,0.35688873,0.1877646077777778
2017-03-05 07:00:00,,17.9255622612057,0.0,0.0,0.38251682000000004,0.085592632,0.0,0.0,0.0,0.0
2017-03-05 08:00:00,,18.804279671301984,0.25172952,0.0,1.4681746,0.4625119515555556,0.0,0.0,0.0,0.0
2017-03-05 09:00:00,,19.370077933279017,0.093705218,0.0050913784,0.40729094,0.14898619837777777,0.0,0.0,0.0,0.0
2017-03-05 10:00:00,,19.776342117143333,0.0,0.0,0.0,0.0,0.0,0.0,0.0,0.0
2017-03-05 11:00:00,,19.312671543528573,0.0,0.0,0.0,0.0,337.50385,146.48608000000002,712.6154399999999,358.97354777777775
2017-03-05 12:00:00,7.433735,7.433735,1.8194946,0.36843519999999996,4.5123061,2.135973746666666,1039.6001999999999,781.76096,1271.4058,1016.7737022222221
2017-03-05 13:00:00,19.3204478,19.3204478,0.6503920000000001,0.11106751,2.4140867999999998,0.9237906277777778,0.0,0.0,0.0,0.0
2017-03-05 14:00:00,22.527477800000003,22.527477800000003,0.046078838999999996,0.0,0.48842378000000003,0.12048901744444446,0.0,0.0,0.0,0.0
2017-03-05 15:00:00,35.4461006,35.4461006,0.0,0.0,0.077047211,0.009486757822222223,0.0,0.0,0.0,0.0
2017-03-05 16:00:00,30.9992522,30.9992522,0.57122799,0.0,7.0386313000000005,1.7102150766666666,0.7717380899999999,0.0,3.0721371,1.2157663944444446
2017-03-05 17:00:00,33.027790100000004,33.027790100000004,8.908135,1.1097036,35.815632,12.641810244444445,10.000322,9.0663061,11.847388,10.1159692
2017-03-05 18:00:00,14.2980989,14.2980989,33.292985,8.1164299,79.275233,37.24775732222221,2.1223032,1.9579957,2.3195,2.1303296333333335
2017-03-05 19:00:00,3.3476417,3.3476417,72.263771,29.562461,104.9151,69.48813044444445,0.0,0.0,0.0,0.0
2017-03-05 20:00:00,33.22433,33.22433,391.47949,282.83798,406.55152,344.8725977777778,0.0,0.0,0.0,0.0
2017-03-05 21:00:00,75.121625,75.121625,403.34612000000004,175.45056,520.3191,374.82626555555555,0.0,0.0,0.0,0.0
2017-03-05 22:00:00,70.4555156,70.4555156,160.80316000000002,32.600692,420.82136,187.36757088888888,0.0,0.0,0.0,0.0
2017-03-05 23:00:00,23.4362105,23.4362105,13.077963,0.8679072,63.163112000000005,20.833592044444444,206.34323,189.64183000000003,216.47422,202.25978222222224
2017-03-06 00:00:00,39.89417329999999,39.89417329999999,0.0,0.0,0.49857999000000003,0.06383579611111112,0.050503046999999995,0.027788801000000002,0.06790664,0.04936592566666667
2017-03-06 01:00:00,,30.809474252735566,0.0,0.0,0.0,0.0,0.0,0.0,0.0,0.0
2017-03-06 02:00:00,,28.819287495176667,0.0,0.0,0.26588248,0.029542497777777774,0.0,0.0,0.0,0.0
2017-03-06 03:00:00,,27.500438560234645,0.0,0.0,0.0,0.0,0.0,0.0,0.0,0.0
2017-03-06 04:00:00,,26.33848818043041,0.0,0.0,0.0,0.0,0.0,0.0,0.0,0.0
2017-03-06 05:00:00,,25.281131623683343,0.0,0.0,0.0,0.0,56.352979000000005,26.688685,108.56948,58.165254222222224
2017-03-06 06:00:00,,24.3402892867929,0.0,0.0,0.0,0.0,139.59673999999998,81.705613,237.25851,150.21064066666668
2017-03-06 07:00:00,,23.273346146766297,0.0,0.0,0.0,0.0,0.0,0.0,0.0,0.0
2017-03-06 08:00:00,,21.82976216334464,0.0,0.0,0.0,0.0,0.0,0.0,0.0,0.0
2017-03-06 09:00:00,,19.158054029066697,0.0,0.0,0.0,0.0,0.0,0.0,0.0,0.0
2017-03-06 10:00:00,1.1220551,1.1220551,0.0,0.0,0.0,0.0,0.0,0.0,0.0,0.0
2017-03-06 11:00:00,4.8949660999999995,4.8949660999999995,0.0,0.0,0.0,0.0,5.560820700000001,0.91667306,18.513441,7.238663973333335
2017-03-06 12:00:00,15.691193300000002,15.691193300000002,1.365345,0.39766093,3.6322376000000003,1.6067830255555557,1035.8259,764.8720599999999,1203.6311,998.3636566666667
2017-03-06 13:00:00,22.9187927,22.9187927,8.9862169,4.2451829,10.962896,8.31788451111111,0.0,0.0,0.0,0.0
2017-03-06 14:00:00,28.0115945,28.0115945,10.019574,4.6875448,22.180970000000002,11.583056833333334,0.0,0.0,0.0,0.0
2017-03-06 15:00:00,29.153755100000005,29.153755100000005,20.446301000000002,3.2931996,65.096203,26.526814333333338,0.0,0.0,0.0,0.0
2017-03-06 16:00:00,34.0920566,34.0920566,47.535585,14.611533,94.07624,50.04475433333333,0.0,0.0,0.0,0.0
2017-03-06 17:00:00,43.66644829999999,43.66644829999999,81.897371,40.027134999999994,103.93273,76.89045988888888,12.939197,11.759686,14.100808,12.939023666666666
2017-03-06 18:00:00,17.7342161,17.7342161,103.95639,66.12685,113.25504000000001,94.34536333333332,1.0277208999999998,0.7939913200000001,1.4930946999999999,1.0935511588888887
2017-03-06 19:00:00,21.7862039,21.7862039,106.81136000000001,79.899139,112.22284,96.80354822222222,0.0,0.0,0.0,0.0
2017-03-06 20:00:00,29.581019899999998,29.581019899999998,222.28798,111.74897,282.566,209.1060788888889,0.0,0.0,0.0,0.0
2017-03-06 21:00:00,7.9225805,7.9225805,400.51452,224.36455999999998,449.46396,366.5377555555555,0.0,0.0,0.0,0.0
2017-03-06 22:00:00,25.1486723,25.1486723,155.82325,39.91733,373.40506000000005,175.87107655555556,0.0,0.0,0.0,0.0
2017-03-06 23:00:00,55.228419499999994,55.228419499999994,7.7412924,0.33407446,55.147717,16.274659905555556,110.30439000000001,56.516219,155.43214,109.56107888888889
2017-03-07 00:00:00,6.7279817,6.7279817,0.013876294,0.0,8.7649541,1.398090734888889,0.0,0.0,0.0,0.0
2017-03-07 01:00:00,37.726923799999994,37.726923799999994,0.0,0.0,6.749467,0.7499407777777778,0.0,0.0,0.0,0.0
2017-03-07 02:00:00,23.7613655,23.7613655,0.0,0.0,5.1742177,0.5749130777777778,0.0,0.0,0.0,0.0
2017-03-07 03:00:00,39.7508189,39.7508189,0.0,0.0,0.71654546,0.07961616222222222,0.0,0.0,0.0,0.0
2017-03-07 04:00:00,30.0819017,30.0819017,0.0,0.0,0.0,0.0,0.0,0.0,0.0,0.0
2017-03-07 05:00:00,44.423622200000004,44.423622200000004,0.0,0.0,0.0,0.0,79.49848800000001,16.251967999999998,201.69573,94.84123522222222
2017-03-07 06:00:00,9.598233800000001,9.598233800000001,0.0,0.0,0.0,0.0,8.0700183,0.89918319,35.853504,11.05591899888889
2017-03-07 07:00:00,5.379455,5.379455,0.0,0.0,0.0,0.0,0.0,0.0,0.0,0.0
2017-03-07 08:00:00,2.7878345,2.7878345,0.0,0.0,0.0,0.0,0.0,0.0,0.0,0.0
2017-03-07 09:00:00,11.094916699999999,11.094916699999999,0.0,0.0,0.0,0.0,0.0,0.0,0.0,0.0
2017-03-07 10:00:00,23.9869706,23.9869706,0.0,0.0,4.0051841,0.7765095811111111,0.0,0.0,0.0,0.0
2017-03-07 11:00:00,27.3671039,27.3671039,2.9265263,0.0,28.487026,7.804365077777779,9.1619604,3.0665317,21.826909,10.8548569
2017-03-07 12:00:00,23.6242439,23.6242439,8.6088803,5.5455248,16.913036,9.807763111111111,20.080981,12.249583000000001,40.202176,23.305519444444442
2017-03-07 13:00:00,31.78538,31.78538,10.741824999999999,6.6576781,11.435936,9.412618588888888,0.0,0.0,0.0,0.0
2017-03-07 14:00:00,16.703260099999998,16.703260099999998,29.769924,19.232466,30.563981000000002,26.175138444444443,0.0,0.0,0.0,0.0
2017-03-07 15:00:00,8.3250095,8.3250095,69.679249,43.482468999999995,72.28602,61.10730100000001,0.0,0.0,0.0,0.0
2017-03-07 16:00:00,7.3667006,7.3667006,97.260483,71.723,100.72445,86.58708077777777,0.0,0.0,0.0,0.0
2017-03-07 17:00:00,6.634473799999999,6.634473799999999,84.749088,49.394431999999995,102.42017,78.36800255555555,29.077786,21.872549,41.220828,29.232959666666666
2017-03-07 18:00:00,5.442975499999999,5.442975499999999,90.15615100000001,48.006881,115.39198999999999,84.39556233333332,1.9072538,1.2227641999999999,2.3837188,1.8655199111111114
2017-03-07 19:00:00,3.8263112,3.8263112,92.043294,49.095313,117.26897,86.20529422222222,0.0,0.0,0.0,0.0
2017-03-07 20:00:00,2.4208466,2.4208466,342.28299000000004,165.07144,434.86065,316.6779388888889,0.0,0.0,0.0,0.0
2017-03-07 21:00:00,3.0172237999999996,3.0172237999999996,518.55651,318.23575,559.19244,463.54611555555556,0.0,0.0,0.0,0.0
2017-03-07 22:00:00,51.4232156,51.4232156,285.59925999999996,84.817162,556.32839,297.78598244444447,0.0,0.0,0.0,0.0
2017-03-07 23:00:00,37.5172823,37.5172823,85.61225,9.6047979,320.28905,118.77571154444445,46.658453,15.412605999999998,96.417534,51.72196211111111
2017-03-08 00:00:00,,21.408814908452538,83.445258,9.266776,324.3775,118.70253311111112,0.19777798,0.11670102,0.424201,0.2260554922222222
2017-03-08 01:00:00,,18.81763348352923,52.931515,11.359256,133.83629,61.77663211111111,0.0,0.0,0.0,0.0
2017-03-08 02:00:00,,17.44169794363469,15.65903,4.1772983,26.912432000000003,15.819405477777776,0.0,0.0,0.0,0.0
2017-03-08 03:00:00,,16.414601194734434,5.3897302,1.1838161999999999,11.57364,5.916797666666667,0.0,0.0,0.0,0.0
2017-03-08 04:00:00,,15.498488110544743,3.212929,0.5495876399999999,8.723373,3.913859551111111,0.0,0.0,0.0,0.0
2017-03-08 05:00:00,,14.528555186815629,2.3146849,0.36447196,6.9076582,2.9600451011111115,12.007948,0.0,72.372866,21.395316731111112
2017-03-08 06:00:00,,13.667987241474231,2.6861544,0.5157572800000001,6.528820400000001,3.1154117233333327,16.792073000000002,13.780488,19.746755999999998,16.904249222222223
2017-03-08 07:00:00,,12.908991974009343,3.0903934,0.7517252200000001,6.1841843,3.309428835555556,0.0,0.0,0.0,0.0
2017-03-08 08:00:00,,11.997892571948626,2.9690859,0.81498081,5.3639250999999994,3.0640756677777774,0.0,0.0,0.0,0.0
2017-03-08 09:00:00,,10.805974260076749,2.4540132000000003,0.59613694,5.030756299999999,2.6598437255555556,0.0,0.0,0.0,0.0
2017-03-08 10:00:00,,9.292920484528054,2.0712116,0.43659651000000005,4.8721399,2.374694297777778,0.0,0.0,0.0,0.0
2017-03-08 11:00:00,3.5783188999999997,3.5783188999999997,1.6547858999999998,0.29113571,4.5098309,2.0286711955555554,0.0,0.0,0.0,0.0
2017-03-08 12:00:00,1.9772683999999998,1.9772683999999998,0.57562232,0.047304559999999996,2.7187261,0.9278926466666668,120.32239,77.65137,180.74099999999999,126.8918811111111
2017-03-08 13:00:00,1.5667621999999999,1.5667621999999999,0.058821424,0.0,0.40818562999999997,0.12192205444444444,0.0,0.0,0.0,0.0
2017-03-08 14:00:00,2.8084727000000003,2.8084727000000003,0.0,0.0,0.0,0.0,0.0,0.0,0.0,0.0
2017-03-08 15:00:00,12.1220567,12.1220567,0.0,0.0,0.0,0.0,0.0,0.0,0.0,0.0
2017-03-08 16:00:00,20.5381016,20.5381016,0.0,0.0,0.0,0.0,92.410803,44.55767,150.22028999999998,94.57630811111112
2017-03-08 17:00:00,4.5695249,4.5695249,0.0,0.0,0.0,0.0,31.572948999999998,26.139291,35.002944,30.804998444444443
2017-03-08 18:00:00,3.609785,3.609785,0.0,0.0,1.4697441999999998,0.1633049111111111,1.0188576,0.7952130500000001,1.3165684999999998,1.0728154633333336
2017-03-08 19:00:00,2.4947339,2.4947339,0.0,0.0,4.536547700000001,0.8795085777777778,0.0,0.0,0.013102027,0.0014557807777777778
2017-03-08 20:00:00,2.4186206,2.4186206,0.0,0.0,26.125435000000003,5.499604648888889,0.0,0.0,0.0,0.0
2017-03-08 21:00:00,0.6076901,0.6076901,0.0,0.0,4.433688399999999,0.7659778533333333,0.0,0.0,0.0,0.0
2017-03-08 22:00:00,,8.782541272356866,0.0,0.0,0.0,0.0,0.0,0.0,0.0,0.0
2017-03-08 23:00:00,,10.995502337285217,0.0,0.0,0.0,0.0,179.64018,171.83460000000002,185.85002,179.01842666666664
2017-03-09 00:00:00,15.7198133,15.7198133,0.0,0.0,0.0,0.0,0.0,0.0,0.0018357234,0.00044928891
2017-03-09 01:00:00,,12.393522032834259,0.0,0.0,0.0,0.0,0.0,0.0,0.0,0.0
2017-03-09 02:00:00,,12.439462199730086,0.0,0.0,0.0,0.0,0.0,0.0,0.0,0.0
2017-03-09 03:00:00,,12.590841441279105,0.0,0.0,0.0,0.0,0.0,0.0,0.0,0.0
2017-03-09 04:00:00,,12.938107176857246,0.0,0.0,0.0,0.0,0.0,0.0,0.0,0.0
2017-03-09 05:00:00,,13.215498233483153,0.0,0.0,0.0,0.0,259.80055,133.58612,461.00767,257.1391177777778
2017-03-09 06:00:00,,13.653016452722168,0.0,0.0,0.0,0.0,217.28728999999998,82.10527400000001,446.70879,236.1081448888889
2017-03-09 07:00:00,,14.003847281001658,0.0,0.0,0.54413863,0.13510539600000002,0.0,0.0,0.0,0.0
2017-03-09 08:00:00,,14.653177779264592,0.09157931700000001,0.0,0.8307204699999999,0.23492193866666666,0.0,0.0,0.0,0.0
2017-03-09 09:00:00,,14.850327526159942,0.054030487,0.0,0.6070836199999999,0.16410455744444447,0.0,0.0,0.0,0.0
2017-03-09 10:00:00,,14.80344151592412,0.0029928582000000002,0.0,0.37462129,0.09334547779999999,0.0,0.0,0.0,0.0
2017-03-09 11:00:00,,14.572531021621783,0.0,0.0,0.22632356,0.05058260413333334,0.0,0.0,0.0,0.0
2017-03-09 12:00:00,,12.934045280200221,0.08873745100000001,0.0,0.833299,0.22546223832222217,18.018429,10.322232,24.224133000000002,17.779548
2017-03-09 13:00:00,1.1068706,1.1068706,0.044883816,0.0,0.29729492,0.09102119875555555,0.0,0.0,0.0,0.0
2017-03-09 14:00:00,11.7964883,11.7964883,0.0,0.0,0.0,0.0,0.0,0.0,0.0,0.0
2017-03-09 15:00:00,14.460819500000001,14.460819500000001,0.0,0.0,0.0,0.0,0.0,0.0,0.0,0.0
2017-03-09 16:00:00,12.431613800000001,12.431613800000001,0.0,0.0,0.0,0.0,26.418415,9.883305199999999,52.574145,29.78524502222222
2017-03-09 17:00:00,5.9549078,5.9549078,0.0,0.0,2.0129382,0.3185089944444444,25.140986,20.789911999999998,29.8778,24.81622611111111
2017-03-09 18:00:00,28.2409838,28.2409838,1.4813679,0.0,12.828697,3.403075844444444,0.26945348999999996,0.22006195,0.54692953,0.30221368444444446
2017-03-09 19:00:00,18.6218177,18.6218177,13.416502999999999,1.9417801,47.554581999999996,17.78366768888889,0.0,0.0,0.010191004,0.0011323337777777779
2017-03-09 20:00:00,15.775415599999999,15.775415599999999,112.25796000000001,37.934933,216.50686,116.14084744444443,0.0,0.0,0.0,0.0
2017-03-09 21:00:00,10.5425984,10.5425984,53.308981,10.271716000000001,182.68863,70.49923466666667,0.0,0.0,0.0,0.0
2017-03-09 22:00:00,8.718502699999998,8.718502699999998,3.7687919,0.0,35.337471,9.317747484444446,0.0,0.0,0.0,0.0
2017-03-09 23:00:00,3.5574421999999997,3.5574421999999997,0.0,0.0,0.019965174,0.0022183526666666666,242.82465,230.17373999999998,257.19840999999997,243.14395555555555
2017-03-10 00:00:00,19.358814499999998,19.358814499999998,0.0,0.0,0.0,0.0,0.13960158,0.12544645,0.15845976,0.14107746333333332
2017-03-10 01:00:00,,20.884499015244096,0.0,0.0,0.0,0.0,0.0,0.0,0.0,0.0
2017-03-10 02:00:00,27.9532733,27.9532733,0.0,0.0,0.0,0.0,0.0,0.0,0.0,0.0
2017-03-10 03:00:00,11.845905499999999,11.845905499999999,0.0,0.0,0.0,0.0,0.0,0.0,0.0,0.0
2017-03-10 04:00:00,55.6051223,55.6051223,0.0,0.0,0.8415098599999999,0.09350109555555555,0.0,0.0,0.0,0.0
2017-03-10 05:00:00,59.354644400000005,59.354644400000005,0.0,0.0,10.168732,2.0532857888888887,247.92203,133.75359,461.22988000000004,251.09904555555556
2017-03-10 06:00:00,23.911986199999998,23.911986199999998,0.0,0.0,9.266908800000001,1.9322872,205.72232,64.337604,433.70892,226.87636755555556
2017-03-10 07:00:00,,23.498502586424184,0.0,0.0,7.1585464,1.4173305222222221,0.0,0.0,0.0,0.0
2017-03-10 08:00:00,1.2699728000000001,1.2699728000000001,0.0,0.0,5.6673484,1.0163360155555554,0.0,0.0,0.0,0.0
2017-03-10 09:00:00,23.384233399999996,23.384233399999996,0.0,0.0,10.252471,2.1591486444444445,0.0,0.0,0.0,0.0
2017-03-10 10:00:00,28.806642200000002,28.806642200000002,1.1615588000000001,0.22349687999999998,6.1890055,2.105312786666667,0.0,0.0,0.0,0.0
2017-03-10 11:00:00,30.010097299999998,30.010097299999998,1.4806643,0.30576268,3.4479935,1.677752398888889,0.0,0.0,0.0,0.0
2017-03-10 12:00:00,26.204352800000002,26.204352800000002,3.2583391,0.9474549099999999,5.6088425,3.298205178888889,7.7210861,6.8606746,14.037509,9.531446133333333
2017-03-10 13:00:00,20.6290178,20.6290178,9.1887068,4.679604,10.191505,8.199403477777778,0.0,0.0,0.0,0.0
2017-03-10 14:00:00,24.862011199999998,24.862011199999998,28.421870000000002,19.815314,28.688979,24.765166555555552,0.0,0.0,0.0,0.0
2017-03-10 15:00:00,27.4937951,27.4937951,69.016045,23.296667,114.29538000000001,69.58529044444444,0.0,0.0,0.0,0.0
2017-03-10 16:00:00,20.0513867,20.0513867,80.048179,32.972715,117.2937,77.27303044444444,0.0,0.0,0.0,0.0
2017-03-10 17:00:00,23.9638838,23.9638838,109.05999,64.174303,120.39465,99.79152855555556,14.090339,13.199762,14.417302000000001,13.878777777777778
2017-03-10 18:00:00,9.6183155,9.6183155,105.09909999999999,56.223907000000004,122.52976,97.27414577777778,0.59703956,0.35056498999999997,0.9538799800000001,0.6268028055555557
2017-03-10 19:00:00,29.6975828,29.6975828,88.00197200000001,38.805909,125.71615,84.55246177777778,0.0,0.0,0.0,0.0
2017-03-10 20:00:00,25.2432455,25.2432455,178.89135,53.24747,365.30341999999996,186.54044166666665,0.0,0.0,0.0,0.0
2017-03-10 21:00:00,65.5573139,65.5573139,124.78972000000002,24.620977,367.47323,154.89682988888887,0.0,0.0,0.0,0.0
2017-03-10 22:00:00,27.0315662,27.0315662,38.652997,1.9277659,194.30384,63.66212645555556,0.0,0.0,0.0,0.0
2017-03-10 23:00:00,18.1007588,18.1007588,7.620532,0.0,82.53433,21.81067645555556,202.41764,156.86572999999999,226.80756,196.31267
2017-03-11 00:00:00,38.9116805,38.9116805,72.501047,5.5053983,330.15205000000003,111.9163587,0.1364898,0.11680844,0.16138124999999998,0.13894895444444444
2017-03-11 01:00:00,2.5596695,2.5596695,74.464209,7.5809470999999995,308.42025,109.94157212222223,0.0,0.0,0.0,0.0
2017-03-11 02:00:00,,25.287739460403092,6.5930549,0.0,40.536204,12.554828828888889,0.0,0.0,0.0,0.0
2017-03-11 03:00:00,,27.33883270481039,0.35005388,0.0,4.1010544,1.065322240888889,0.0,0.0,0.0,0.0
2017-03-11 04:00:00,,28.268956646226783,4.771356999999999,1.5351549,7.6796814,4.717188822222223,0.0,0.0,0.0,0.0
2017-03-11 05:00:00,,28.804420295772413,6.0227493999999995,3.4306565,6.4700334,5.361422466666666,119.31417,50.271206,132.23470999999998,100.50190366666666
2017-03-11 06:00:00,,28.62063763575523,1.4193378,0.9592262100000001,1.5038373,1.2204586566666669,11.034504,4.7120502,15.800875000000001,10.793209233333334
2017-03-11 07:00:00,,27.89845030789892,0.0,0.0,0.0,0.0,0.0,0.0,0.0,0.0
2017-03-11 08:00:00,,25.386439442049774,0.0,0.0,0.0,0.0,0.0,0.0,0.0,0.0
2017-03-11 09:00:00,0.3726722,0.3726722,0.0,0.0,0.0,0.0,0.0,0.0,0.0,0.0
2017-03-11 10:00:00,7.699519400000001,7.699519400000001,0.0,0.0,0.0,0.0,0.0,0.0,0.0,0.0
2017-03-11 11:00:00,29.7086651,29.7086651,0.0,0.0,0.0,0.0,0.0,0.0,0.0,0.0
2017-03-11 12:00:00,35.250498799999995,35.250498799999995,0.0,0.0,0.58485625,0.11622724999999999,23.985856,22.178607,26.877206,24.668968555555555
2017-03-11 13:00:00,44.546465600000005,44.546465600000005,6.2116615,2.6874866,10.461435999999999,6.431270855555556,0.0,0.0,0.0,0.0
2017-03-11 14:00:00,38.3023289,38.3023289,4.385206500000001,0.6263873000000001,18.62958,6.688595268888888,0.0,0.0,0.0,0.0
2017-03-11 15:00:00,50.2919783,50.2919783,4.8631123,0.0,37.416292,10.453095527777778,0.0,0.0,0.0,0.0
2017-03-11 16:00:00,42.74684,42.74684,18.731518,3.4815969,59.354020999999996,23.820825477777774,0.0,0.0,0.0,0.0
2017-03-11 17:00:00,51.0160961,51.0160961,50.056304000000004,15.529797,105.43669,53.58450322222223,46.373737999999996,38.60598,53.122170000000004,45.25208711111111
2017-03-11 18:00:00,10.549260499999999,10.549260499999999,42.289259,12.819773999999999,92.398295,45.80805033333334,0.16725271,0.1055493,0.232708,0.1686721677777778
2017-03-11 19:00:00,30.5604122,30.5604122,26.652086,7.3933752,66.643246,30.524842466666662,0.0,0.0,0.0,0.0
2017-03-11 20:00:00,72.44686340000001,72.44686340000001,29.693481000000002,6.1994833,89.26956799999999,36.729306155555555,0.0,0.0,0.0,0.0
2017-03-11 21:00:00,67.13567509999999,67.13567509999999,47.213747,8.909702,155.16607,60.33495155555555,0.0,0.0,0.0,0.0
2017-03-11 22:00:00,43.194425,43.194425,78.676952,17.834169000000003,225.40579,94.38790222222222,0.0,0.0,0.0,0.0
2017-03-11 23:00:00,13.992230599999997,13.992230599999997,234.54223,69.941278,501.24765,252.5468285555556,17.072936,4.7922113,40.490497,19.862004933333335
2017-03-12 00:00:00,4.462358900000001,4.462358900000001,446.09528,87.76920700000001,1280.7617,544.456013,0.63195472,0.19914036000000002,1.8256851,0.7544757922222224
2017-03-12 01:00:00,55.662203299999994,55.662203299999994,67.573077,0.54280542,422.44043999999997,129.69334383555554,0.0,0.0,0.0,0.0
2017-03-12 02:00:00,31.3911395,31.3911395,0.0,0.0,18.715687,3.0389444077777776,0.0,0.0,0.0,0.0
2017-03-12 03:00:00,64.28208620000001,64.28208620000001,0.0,0.0,1.7869521000000002,0.21248869111111113,0.0,0.0,0.0,0.0
2017-03-12 04:00:00,47.672373799999995,47.672373799999995,0.0,0.0,0.0,0.0,0.0,0.0,0.0,0.0
2017-03-12 05:00:00,50.0084972,50.0084972,0.0,0.0,0.0,0.0,19.905441,0.0,89.710651,34.300363322222225
2017-03-12 06:00:00,26.695710499999997,26.695710499999997,0.0,0.0,0.0,0.0,0.44084879,0.0,3.7280518,1.1670095031111112
2017-03-12 07:00:00,20.3909789,20.3909789,0.0,0.0,0.0,0.0,0.0,0.0,0.0,0.0
2017-03-12 08:00:00,30.8616695,30.8616695,0.0,0.0,0.0,0.0,0.0,0.0,0.0,0.0
2017-03-12 09:00:00,55.25042510000001,55.25042510000001,0.0,0.0,0.76975363,0.0855281811111111,0.0,0.0,0.0,0.0
2017-03-12 10:00:00,41.996693900000004,41.996693900000004,0.0,0.0,6.5695131,1.13303777,0.0,0.0,0.0,0.0
2017-03-12 11:00:00,27.0593117,27.0593117,0.0,0.0,21.333688,4.4720021999999995,0.0,0.0,0.0,0.0
2017-03-12 12:00:00,18.9774212,18.9774212,4.290553500000001,0.46942557,18.6612,6.721390431111112,19.027071,15.717534999999998,22.850597999999998,19.763283777777776
2017-03-12 13:00:00,12.223323800000001,12.223323800000001,0.0,0.0,0.0,0.0,0.0,0.0,0.0,0.0
2017-03-12 14:00:00,18.268122199999997,18.268122199999997,15.761179,8.9240193,18.33259,13.640920922222223,0.0,0.0,0.0,0.0
2017-03-12 15:00:00,40.115644399999994,40.115644399999994,97.54294999999999,67.52927600000001,101.3428,88.92806322222222,0.0,0.0,0.0,0.0
2017-03-12 16:00:00,38.6861072,38.6861072,111.35922000000001,80.13520700000001,118.75862000000001,103.01405277777776,0.0,0.0,0.0,0.0
2017-03-12 17:00:00,35.0127461,35.0127461,125.78801000000001,100.19022,133.28734,117.19992111111111,19.014131,16.037546,20.25799,18.598841
2017-03-12 18:00:00,36.55316989999999,36.55316989999999,110.57577,83.555606,124.08591000000001,104.20877300000001,0.63954087,0.20756646,1.7628473,0.7609407433333334
2017-03-12 19:00:00,25.2313205,25.2313205,89.030873,58.860765,101.06393,85.99710033333334,0.0,0.0,0.0,0.0
2017-03-12 20:00:00,29.306617699999997,29.306617699999997,50.660576,27.323586,71.81276299999999,50.83985255555555,0.0,0.0,0.0,0.0
2017-03-12 21:00:00,73.9435622,73.9435622,60.576065,22.917764000000002,111.22251,65.02809433333333,0.0,0.0,0.0,0.0
2017-03-12 22:00:00,38.858495,38.858495,127.81121999999999,62.44824200000001,187.55933,128.18738711111112,0.0,0.0,0.0,0.0
2017-03-12 23:00:00,6.270522799999999,6.270522799999999,233.56116,82.79834600000001,410.71002,246.09265288888886,182.98297,110.72771999999999,244.08747,180.15826111111107
2017-03-13 00:00:00,10.352847800000001,10.352847800000001,1429.1676,862.59033,1480.091,1235.81548,12.998802000000001,5.422420099999999,24.162182,13.746280166666669
2017-03-13 01:00:00,29.5078799,29.5078799,1887.8529,868.0407799999999,2059.7223,1521.7955866666664,0.0,0.0,0.0,0.0
2017-03-13 02:00:00,46.1167973,46.1167973,876.0294299999999,333.00613999999996,1009.9402,735.0672422222221,0.0,0.0,0.0,0.0
2017-03-13 03:00:00,9.016707199999999,9.016707199999999,510.99848,300.67632999999995,564.58596,419.26149888888887,0.0,0.0,0.0,0.0
2017-03-13 04:00:00,0.0231584,0.0231584,273.98762,66.79983200000001,502.91105,269.19048155555555,0.0,0.0,0.0,0.0
2017-03-13 05:00:00,,22.38006167266649,67.604604,4.5911715,242.70147,105.59578538888888,0.0,0.0,0.0,0.0
2017-03-13 06:00:00,,23.812128796842078,167.67569,36.213896,339.41606,176.88520433333335,0.0,0.0,0.0,0.0
2017-03-13 07:00:00,,23.715242873995788,209.46874,124.48407,235.06177,173.8254388888889,0.0,0.0,0.0,0.0
2017-03-13 08:00:00,,22.81931145928329,130.12218,39.468418,172.13437,116.53847200000001,0.0,0.0,0.0,0.0
2017-03-13 09:00:00,,20.86222658843775,90.677611,16.472501,184.08362,91.3266247777778,0.0,0.0,0.0,0.0
2017-03-13 10:00:00,2.2257377,2.2257377,52.692918,6.4718561,154.80643,62.678883899999995,0.0,0.0,0.0,0.0
2017-03-13 11:00:00,15.7463822,15.7463822,38.723934,3.2653465,144.45272,54.539316577777775,0.0,0.0,6.5484901,0.9711844444444444
2017-03-13 12:00:00,10.19795,10.19795,8.8808893,1.1523193,28.854188999999998,11.904942366666667,18.915549,15.751852,24.110308,20.004134333333333
2017-03-13 13:00:00,12.4721588,12.4721588,0.0,0.0,0.0,0.0,0.0,0.0,0.0,0.0
2017-03-13 14:00:00,25.2163745,25.2163745,0.0,0.0,0.0,0.0,0.0,0.0,0.0,0.0
2017-03-13 15:00:00,36.5618672,36.5618672,11.861059000000001,2.9002535,32.571505,14.12508218888889,0.0,0.0,0.0,0.0
2017-03-13 16:00:00,32.508829999999996,32.508829999999996,28.859844000000002,10.228826,61.553539,31.74853088888889,0.0,0.0,0.0,0.0
2017-03-13 17:00:00,24.7774073,24.7774073,72.340081,34.786714,111.46186,72.21428522222223,20.943266,20.166463999999998,21.22478,20.787053333333333
2017-03-13 18:00:00,43.494935,43.494935,108.77984000000001,86.755754,115.34259999999999,103.8431141111111,0.5912185099999999,0.13640162,1.5934139,0.6736485933333334
2017-03-13 19:00:00,54.348322700000004,54.348322700000004,103.63732999999999,61.055609,132.10975,100.4208108888889,0.0,0.0,0.0,0.0
2017-03-13 20:00:00,31.5676295,31.5676295,20.897524999999998,10.307343,34.207067,21.672338555555555,0.0,0.0,0.0,0.0
2017-03-13 21:00:00,41.563752799999996,41.563752799999996,38.921276,9.6900949,96.114745,47.14142998888889,0.0,0.0,0.0,0.0
2017-03-13 22:00:00,66.36926329999999,66.36926329999999,377.07176,207.46329,510.06285,354.91014222222225,0.0,0.0,0.0,0.0
2017-03-13 23:00:00,24.8191289,24.8191289,620.00612,403.29708,670.96564,565.0074011111111,0.93161748,0.0,6.0461439,2.044855008888889
2017-03-14 00:00:00,4.9320449,4.9320449,1368.9462,694.66868,1625.4565,1186.23117,1.8317496,0.19378966,9.799342500000002,3.857695251111111
2017-03-14 01:00:00,30.325171700000002,30.325171700000002,1469.5446,601.48997,1722.1897999999999,1288.2441011111111,0.0,0.0,0.0,0.0
2017-03-14 02:00:00,55.2559106,55.2559106,441.49699,60.500312,1319.9539000000002,539.4893718888889,0.0,0.0,0.0,0.0
2017-03-14 03:00:00,23.3894327,23.3894327,270.96726,31.577520999999997,760.00986,323.62170833333334,0.0,0.0,0.0,0.0
2017-03-14 04:00:00,1.5345806,1.5345806,170.26665,16.088883000000003,561.89444,223.92341444444443,0.0,0.0,0.0,0.0
2017-03-14 05:00:00,36.468677299999996,36.468677299999996,75.55724,1.4593134,480.13669,147.52428521111108,0.0,0.0,7.3159958,1.8641764333333333
2017-03-14 06:00:00,31.747967300000003,31.747967300000003,7.667499599999999,0.0,125.82789000000001,30.492471191111115,0.0,0.0,0.14145141,0.032571412555555554
2017-03-14 07:00:00,3.8961122,3.8961122,0.0,0.0,5.0561557,0.8705362722222222,0.0,0.0,0.0,0.0
2017-03-14 08:00:00,0.5719151,0.5719151,0.0,0.0,0.0,0.0,0.0,0.0,0.0,0.0
2017-03-14 09:00:00,1.6644994999999998,1.6644994999999998,0.0,0.0,0.0,0.0,0.0,0.0,0.0,0.0
2017-03-14 10:00:00,11.302793300000001,11.302793300000001,0.0,0.0,0.73779938,0.08197770888888889,0.0,0.0,0.0,0.0
2017-03-14 11:00:00,30.6414545,30.6414545,0.0,0.0,1.1090983,0.12323314444444446,0.0,0.0,0.0,0.0
2017-03-14 12:00:00,27.488532199999998,27.488532199999998,0.0,0.0,1.3001924999999999,0.24142924,30.312094000000002,28.779314999999997,30.775375999999998,29.99656422222222
2017-03-14 13:00:00,21.503899399999998,21.503899399999998,0.0,0.0,0.0,0.0,0.0,0.0,0.0,0.0
2017-03-14 14:00:00,20.6212427,20.6212427,0.0,0.0,0.0,0.0,0.0,0.0,0.0,0.0
2017-03-14 15:00:00,21.1225538,21.1225538,6.2894042,1.2138069999999999,19.90384,7.939544777777779,0.0,0.0,0.0,0.0
2017-03-14 16:00:00,20.7937895,20.7937895,15.982537999999998,4.6616751,40.373259000000004,18.49589718888889,0.0,0.0,0.0,0.0
2017-03-14 17:00:00,19.6134212,19.6134212,41.628326,17.433757,76.802884,44.69328688888889,17.973045,17.053057,18.436158,17.853888888888893
2017-03-14 18:00:00,23.995047800000002,23.995047800000002,57.764231,26.308094999999998,100.47812,59.65383288888889,4.0076843,3.3883528,4.531958,3.945138033333334
2017-03-14 19:00:00,17.166331699999997,17.166331699999997,51.535320000000006,26.33542,79.998194,52.45503022222223,0.0,0.0,0.0,0.0
2017-03-14 20:00:00,38.8320851,38.8320851,52.534364,41.195261,56.451347,51.207722,0.0,0.0,0.0,0.0
2017-03-14 21:00:00,54.4231799,54.4231799,82.512001,51.389165,103.87274,80.50611433333331,0.0,0.0,0.0,0.0
2017-03-14 22:00:00,34.4673284,34.4673284,114.3715,67.50223100000001,145.09309,110.11776488888887,0.0,0.0,0.0,0.0
2017-03-14 23:00:00,11.5573205,11.5573205,119.32942,43.017335,231.18989,131.5523912222222,0.0,0.0,0.0,0.0
2017-03-15 00:00:00,16.8877478,16.8877478,15.351987,1.204381,61.423198000000006,22.490220133333334,0.10939463,0.10312211,0.11399416000000001,0.10933268333333333
2017-03-15 01:00:00,3.1837127,3.1837127,680.91892,311.95072,737.92157,569.6225955555557,0.0,0.0,0.0,0.0
2017-03-15 02:00:00,1.5775106,1.5775106,154.76397,50.582392,325.45757000000003,164.68636344444445,0.0,0.0,0.0,0.0
2017-03-15 03:00:00,1.4061721999999999,1.4061721999999999,0.4070707,0.0,53.340187,10.2361036,0.0,0.0,0.0,0.0
2017-03-15 04:00:00,1.1592133999999998,1.1592133999999998,0.0,0.0,3.8356269999999997,0.5394480444444444,0.0,0.0,0.0,0.0
2017-03-15 05:00:00,1.081685,1.081685,0.0,0.0,0.0,0.0,4.94084,0.0,42.181546000000004,11.293196084444444
2017-03-15 06:00:00,0.9253562,0.9253562,0.0,0.0,0.0,0.0,25.461693,17.846927,39.869214,27.060532555555554
2017-03-15 07:00:00,0.39041659999999995,0.39041659999999995,0.0,0.0,0.0,0.0,0.0,0.0,0.0,0.0
2017-03-15 08:00:00,0.4724288,0.4724288,0.0,0.0,0.0,0.0,0.0,0.0,0.0,0.0
2017-03-15 09:00:00,0.8223401,0.8223401,0.0,0.0,0.0,0.0,0.0,0.0,0.0,0.0
2017-03-15 10:00:00,2.6846912,2.6846912,0.0,0.0,0.0,0.0,0.0,0.0,0.0,0.0
2017-03-15 11:00:00,6.2306137999999995,6.2306137999999995,0.0,0.0,0.0,0.0,0.0,0.0,0.0,0.0
2017-03-15 12:00:00,8.660674400000001,8.660674400000001,0.0,0.0,0.0,0.0,19.035397,10.505262,26.609339,18.979623444444442
2017-03-15 13:00:00,14.0703473,14.0703473,0.0,0.0,0.29322476,0.07376447777777778,0.0,0.0,0.0,0.0
2017-03-15 14:00:00,20.4329867,20.4329867,0.0,0.0,0.10627921,0.024717723666666667,0.0,0.0,0.0,0.0
2017-03-15 15:00:00,13.489075099999999,13.489075099999999,0.0,0.0,0.0,0.0,0.0,0.0,0.0,0.0
2017-03-15 16:00:00,33.223789399999994,33.223789399999994,0.0,0.0,0.0,0.0,0.0,0.0,0.0,0.0
2017-03-15 17:00:00,40.935829999999996,40.935829999999996,0.0,0.0,4.7928111,0.9670917411111112,16.880924,16.353832999999998,17.401821,16.873975666666666
2017-03-15 18:00:00,17.851415,17.851415,1.0001779,0.0,10.348825999999999,2.6090942888888886,0.56709519,0.44667138,0.71582849,0.5742775344444444
2017-03-15 19:00:00,7.8441617,7.8441617,3.0184679,0.0,17.543550999999997,5.106108789888889,0.0,0.0,0.0,0.0
2017-03-15 20:00:00,28.972081699999997,28.972081699999997,17.389515000000003,0.045789655,79.848753,25.868674895,0.0,0.0,0.0,0.0
2017-03-15 21:00:00,16.643062699999998,16.643062699999998,23.729215,0.0,125.77369000000002,38.95108935444445,0.0,0.0,0.0,0.0
2017-03-15 22:00:00,11.8596272,11.8596272,30.724907,0.0,162.6508,50.68676120000001,0.0,0.0,0.0,0.0
2017-03-15 23:00:00,28.2629099,28.2629099,23.870205000000002,1.39579,110.52631,36.60131261111111,313.31422999999995,279.45335,332.24537,307.60383111111116
2017-03-16 00:00:00,,12.926660070775446,2.2688744,0.0,74.698306,16.267553662222227,10.122333999999999,3.0561198000000003,25.04891,11.087930822222223
2017-03-16 01:00:00,1.3140317,1.3140317,0.0,0.0,8.2779861,1.4922731444444444,0.0,0.0,0.0,0.0
2017-03-16 02:00:00,7.9400705,7.9400705,0.0,0.0,0.0,0.0,0.0,0.0,0.0,0.0
2017-03-16 03:00:00,22.7854712,22.7854712,0.0,0.0,0.0,0.0,0.0,0.0,0.0,0.0
2017-03-16 04:00:00,2.773445,2.773445,0.0,0.0,0.0,0.0,0.0,0.0,0.0,0.0
2017-03-16 05:00:00,1.7417894,1.7417894,0.0,0.0,0.0,0.0,317.72404,217.9719,455.65402,313.76227555555556
2017-03-16 06:00:00,,7.846932840055195,0.0,0.0,0.0,0.0,357.34184,173.36021,600.63985,379.41955333333334
2017-03-16 07:00:00,,7.838041614400938,0.0,0.0,0.0,0.0,0.0,0.0,0.0,0.0
2017-03-16 08:00:00,,6.950881197201061,0.0,0.0,0.0,0.0,0.0,0.0,0.0,0.0
2017-03-16 09:00:00,0.19413110000000003,0.19413110000000003,0.0,0.0,0.0,0.0,0.0,0.0,0.0,0.0
2017-03-16 10:00:00,1.4194328,1.4194328,0.0,0.0,0.0,0.0,0.0,0.0,0.0,0.0
2017-03-16 11:00:00,2.3597906,2.3597906,0.0,0.0,0.0,0.0,90.39441599999999,70.900256,117.83178000000001,88.25251066666665
2017-03-16 12:00:00,11.8596272,11.8596272,0.0,0.0,0.0,0.0,560.4302299999999,250.84149000000002,1027.3563,601.6745488888888
2017-03-16 13:00:00,20.440984399999998,20.440984399999998,0.0,0.0,0.0,0.0,0.0,0.0,0.0,0.0
2017-03-16 14:00:00,6.0705962,6.0705962,0.0,0.0,0.0,0.0,0.0,0.0,0.0,0.0
2017-03-16 15:00:00,5.4673184,5.4673184,0.0,0.0,0.0,0.0,0.0,0.0,0.0,0.0
2017-03-16 16:00:00,6.1126994,6.1126994,0.0,0.0,0.0,0.0,37.46252,18.309829,62.645493,39.210222
2017-03-16 17:00:00,5.447204900000001,5.447204900000001,0.0,0.0,0.0,0.0,34.832232000000005,28.241690000000002,39.762348,34.28134777777778
2017-03-16 18:00:00,1.6921178,1.6921178,0.0,0.0,0.0,0.0,29.940528999999998,12.372838,55.181663,32.416118777777776
2017-03-16 19:00:00,1.5003638000000001,1.5003638000000001,0.0,0.0,0.0,0.0,3.2731325,0.90890677,8.2232273,4.000043585555556
2017-03-16 20:00:00,0.6070223000000001,0.6070223000000001,0.0,0.0,0.0,0.0,0.0,0.0,0.0,0.0
2017-03-16 21:00:00,,5.416407957414338,0.0,0.0,0.0,0.0,0.0,0.0,0.0,0.0
2017-03-16 22:00:00,,6.082818892006621,0.0,0.0,0.0,0.0,185.80724,80.23539,316.00852,190.8499778888889
2017-03-16 23:00:00,,6.326291058427343,0.0,0.0,0.0,0.0,188.99178999999998,143.66984,219.15081999999998,184.44627
2017-03-17 00:00:00,,6.316499650669665,0.0,0.0,0.0,0.0,56.007146,11.328031000000001,140.16235999999998,69.79094377777777
2017-03-17 01:00:00,,6.0077869658272,0.0,0.0,0.0,0.0,9.2814043,0.87401122,37.486545,14.146659091111111
2017-03-17 02:00:00,3.9248117,3.9248117,0.0,0.0,0.0,0.0,0.0,0.0,0.0,0.0
2017-03-17 03:00:00,3.5973512000000003,3.5973512000000003,0.0,0.0,0.0,0.0,0.0,0.0,0.0,0.0
2017-03-17 04:00:00,1.6129993999999999,1.6129993999999999,0.0,0.0,0.0,0.0,0.0,0.0,0.0,0.0
2017-03-17 05:00:00,,6.317817361838833,0.0,0.0,0.0,0.0,501.09025,373.64516,928.9927,551.2500577777778
2017-03-17 06:00:00,,7.131340368626653,0.0,0.0,0.0,0.0,232.44551,61.086073,538.0191100000001,257.62712266666665
2017-03-17 07:00:00,,7.340953224175668,0.0,0.0,0.0,0.0,0.0,0.0,0.0,0.0
2017-03-17 08:00:00,,7.382784052685594,0.00021177478999999998,0.0,0.021000451,0.004064005661111111,0.0,0.0,0.0,0.0
2017-03-17 09:00:00,,7.603937292182394,0.014034336,0.0,0.15322249,0.03845383921111111,0.0,0.0,0.0,0.0
2017-03-17 10:00:00,,7.486475986593715,0.13587776,0.0,0.61919809,0.22581821833333338,0.0,0.0,0.0,0.0
2017-03-17 11:00:00,,6.796014190622108,0.43527783,0.056327735,1.5141854000000001,0.633128569111111,337.2335,327.54266,428.39462,366.19132888888885
2017-03-17 12:00:00,0.1764344,0.1764344,0.9897052000000001,0.14190759,3.5208144999999997,1.3986567777777776,790.97849,587.76757,1066.889,785.9159144444444
2017-03-17 13:00:00,5.2748489,5.2748489,0.27498993,0.044157556,0.87105525,0.36934354244444445,0.58290885,0.0,4.0462319,1.366292067777778
2017-03-17 14:00:00,15.263562799999999,15.263562799999999,0.0,0.0,0.0,0.0,0.0,0.0,0.0,0.0
2017-03-17 15:00:00,14.079092300000001,14.079092300000001,0.0,0.0,0.0,0.0,0.0,0.0,0.0,0.0
2017-03-17 16:00:00,13.9104251,13.9104251,0.0,0.0,2.3919230999999996,0.3939773888888889,17.404793,6.8742611,32.801654,19.08203302222222
2017-03-17 17:00:00,13.0617149,13.0617149,15.79649,2.5343022,51.436225,20.215342555555555,13.22246,11.588259,14.400941,13.114757333333333
2017-03-17 18:00:00,4.105483400000001,4.105483400000001,7.2073467,0.43822405,32.523567,10.853933374444445,2.4279102,0.44665546,6.0807893,3.049534291111111
2017-03-17 19:00:00,1.9836284,1.9836284,0.73089063,0.0,10.321093,2.675055447888889,0.04801338,0.0,0.26851228000000005,0.09604956408888891
2017-03-17 20:00:00,0.4966127,0.4966127,0.0,0.0,1.7405367,0.338925008,0.0,0.0,0.0,0.0
2017-03-17 21:00:00,0.4657349,0.4657349,0.0,0.0,0.0,0.0,0.0,0.0,0.0,0.0
2017-03-17 22:00:00,,6.0829530606515085,0.0,0.0,0.0,0.0,0.0,0.0,2.6295183,0.692894588888889
2017-03-17 23:00:00,,6.429800331746077,0.0,0.0,0.0,0.0,262.25916,249.30522,279.04913,262.96728
2017-03-18 00:00:00,0.8226899,0.8226899,0.0,0.0,0.0,0.0,1.4940526,0.13900241,8.5294232,2.7991027355555556
2017-03-18 01:00:00,,7.225919348454853,0.0,0.0,0.0,0.0,0.78621042,0.0,10.661411,2.633662748888889
2017-03-18 02:00:00,,8.573444392234176,0.0,0.0,0.0,0.0,0.0,0.0,0.0,0.0
2017-03-18 03:00:00,,9.370049947442189,0.0,0.0,0.0,0.0,0.0,0.0,0.0,0.0
2017-03-18 04:00:00,,9.951160581097485,0.0,0.0,0.0,0.0,4.6822984000000005,1.2532868,11.029129,5.730051866666667
2017-03-18 05:00:00,,10.3438189155107,0.0,0.0,0.0,0.0,345.77308999999997,300.03072000000003,399.78165,346.88490444444443
2017-03-18 06:00:00,,10.586383144589133,0.0,0.0,0.0,0.0,607.4913,521.3670699999999,638.3488699999999,589.8186355555555
2017-03-18 07:00:00,,10.870952585668988,0.0,0.0,0.0,0.0,1.5786892000000001,0.8303712200000001,3.0880797,1.8270429255555554
2017-03-18 08:00:00,,11.069515984430542,0.0,0.0,0.0,0.0,0.0,0.0,0.0,0.0
2017-03-18 09:00:00,,11.134130672427583,0.0,0.0,0.0,0.0,0.0,0.0,0.0,0.0
2017-03-18 10:00:00,,10.69441384747282,0.0,0.0,0.0,0.0,0.0,0.0,0.0,0.0
2017-03-18 11:00:00,4.469180000000001,4.469180000000001,0.0,0.0,0.0,0.0,280.44273,203.32641999999998,521.64204,313.6387111111111
2017-03-18 12:00:00,7.535781200000001,7.535781200000001,0.0,0.0,0.14015953,0.022513959666666666,841.12363,572.79592,1091.9997,815.6093922222223
2017-03-18 13:00:00,7.617252799999999,7.617252799999999,0.0,0.0,0.069546871,0.014180373777777776,50.976923,32.932585,59.281287,46.333516
2017-03-18 14:00:00,12.789268400000001,12.789268400000001,0.0,0.0,0.0,0.0,0.0,0.0,0.0,0.0
2017-03-18 15:00:00,21.173386100000002,21.173386100000002,0.0,0.0,0.0,0.0,0.0,0.0,0.0,0.0
2017-03-18 16:00:00,25.0245251,25.0245251,0.0,0.0,0.0,0.0,26.965325,13.565075,40.284678,27.321192555555555
2017-03-18 17:00:00,47.8264766,47.8264766,0.0,0.0,1.3013201,0.14459112222222223,9.3495091,7.213655,11.18234,9.22111758888889
2017-03-18 18:00:00,41.6896967,41.6896967,0.0,0.0,4.8966017,0.9166362988888888,3.6175145,1.9136901000000002,6.1804872,3.956420422222222
2017-03-18 19:00:00,7.175185099999999,7.175185099999999,1.1606619,0.0,11.773589999999999,2.991162133333333,0.0068754478,0.0,0.082612807,0.025539161866666667
2017-03-18 20:00:00,4.6686773,4.6686773,12.451687000000002,0.0,79.580066,22.324607604444445,0.0,0.0,0.0,0.0
2017-03-18 21:00:00,15.281466199999999,15.281466199999999,12.175899000000001,0.0,93.928553,26.0402364,0.0,0.0,0.0,0.0
2017-03-18 22:00:00,32.589125,32.589125,7.0248834,0.0,79.191545,20.741778622222224,0.0,0.0,0.0,0.0
2017-03-18 23:00:00,1.7037089,1.7037089,4.3014261000000005,0.0,73.53313399999999,18.51786092111111,247.9844,233.66994,266.74024,248.84366
2017-03-19 00:00:00,,11.548590712702552,0.0,0.0,2.6749511999999998,0.5349515446666666,0.13798871000000001,0.13561035000000002,0.15061977,0.14096615555555556
2017-03-19 01:00:00,2.8189667000000003,2.8189667000000003,0.0,0.0,0.0,0.0,0.0,0.0,0.0,0.0
2017-03-19 02:00:00,,11.326935901916501,0.0,0.0,0.0,0.0,0.0,0.0,0.0,0.0
2017-03-19 03:00:00,,12.147899894947487,0.0,0.0,0.0,0.0,0.0,0.0,0.0,0.0
2017-03-19 04:00:00,,12.346001416315282,0.0,0.0,0.0,0.0,0.0,0.0,0.0,0.0
2017-03-19 05:00:00,,12.36716598874294,0.0,0.0,0.0,0.0,938.1307800000001,503.16524,1333.3828,891.7783133333334
2017-03-19 06:00:00,,12.221111773187458,0.0,0.0,0.0,0.0,1064.3846,626.20227,1322.6171,1042.6941188888889
2017-03-19 07:00:00,,11.840427669694783,0.0,0.0,0.0,0.0,0.0,0.0,0.0,0.0
2017-03-19 08:00:00,,10.921064482829411,0.0,0.0,0.0,0.0,0.0,0.0,0.0,0.0
2017-03-19 09:00:00,0.40292990000000006,0.40292990000000006,0.0,0.0,0.0,0.0,0.0,0.0,0.0,0.0
2017-03-19 10:00:00,12.7022795,12.7022795,0.0,0.0,0.0,0.0,0.0,0.0,0.0,0.0
2017-03-19 11:00:00,29.8493006,29.8493006,0.0,0.0,0.0,0.0,0.0,0.0,0.0,0.0
2017-03-19 12:00:00,6.25793,6.25793,0.0,0.0,0.0,0.0,25.825897,24.047989,28.152295000000002,26.170440444444445
2017-03-19 13:00:00,20.903292800000003,20.903292800000003,0.0,0.0,0.0,0.0,0.0,0.0,0.0,0.0
2017-03-19 14:00:00,24.3673622,24.3673622,0.0,0.0,0.0,0.0,0.0,0.0,0.0,0.0
2017-03-19 15:00:00,23.8288451,23.8288451,0.0,0.0,0.0,0.0,0.0,0.0,0.0,0.0
2017-03-19 16:00:00,7.7441666,7.7441666,0.0,0.0,0.0,0.0,0.0,0.0,0.0,0.0
2017-03-19 17:00:00,7.057986200000001,7.057986200000001,0.0,0.0,0.59189443,0.06576604777777778,11.828071,11.072134,12.855966,11.867875000000002
2017-03-19 18:00:00,4.956769400000001,4.956769400000001,0.0,0.0,1.7448696000000001,0.1938744,1.3441185,0.90311858,2.4625383000000003,1.5963723755555554
2017-03-19 19:00:00,2.8989278,2.8989278,0.0,0.0,3.0394183,0.4746584666666666,0.0,0.0,0.0062044756,0.0018124766333333332
2017-03-19 20:00:00,2.2232572999999998,2.2232572999999998,0.0,0.0,12.362721,2.2007456555555556,0.0,0.0,0.0,0.0
2017-03-19 21:00:00,1.2426883999999998,1.2426883999999998,0.0,0.0,2.1835438,0.3111247277777778,0.0,0.0,0.0,0.0
2017-03-19 22:00:00,0.17618,0.17618,0.0,0.0,0.0,0.0,7.4178142000000005,0.0,32.824908,12.20722098888889
2017-03-19 23:00:00,0.20982440000000002,0.20982440000000002,0.0,0.0,0.0,0.0,185.80562999999998,177.74856,194.20587,185.83043444444445
2017-03-20 00:00:00,,7.281266361567549,0.0,0.0,0.0,0.0,42.917992999999996,7.595751,115.97946,55.97362133333334
2017-03-20 01:00:00,,8.943704334431043,0.0,0.0,0.0,0.0,6.6016751,0.51467663,29.776933,10.668632836666667
2017-03-20 02:00:00,,9.944380103018709,0.0,0.0,0.0,0.0,0.0,0.0,0.0,0.0
2017-03-20 03:00:00,,10.805011931870114,0.0,0.0,0.0,0.0,0.0,0.0,0.0,0.0
2017-03-20 04:00:00,,11.507141185412145,0.0,0.0,0.0,0.0,0.0,0.0,0.0,0.0
2017-03-20 05:00:00,,11.874932841777927,0.0,0.0,0.0,0.0,880.17754,495.98265,1400.2684,889.9348644444444
2017-03-20 06:00:00,,11.98268511841565,0.0,0.0,0.0,0.0,1093.4734999999998,683.63437,1553.5313,1136.6608711111112
2017-03-20 07:00:00,,11.98603392635814,0.0,0.0,0.0,0.0,0.0,0.0,0.0,0.0
2017-03-20 08:00:00,,12.214873446703939,0.0,0.0,0.0,0.0,0.0,0.0,0.0,0.0
2017-03-20 09:00:00,,12.200357021851694,0.0,0.0,0.0,0.0,0.0,0.0,0.0,0.0
2017-03-20 10:00:00,,11.973759246359206,0.0,0.0,0.0,0.0,0.0,0.0,0.0,0.0
2017-03-20 11:00:00,,11.120794251882485,0.0,0.0,0.0,0.0,474.60169,445.05979,542.1892300000001,484.07084444444445
2017-03-20 12:00:00,2.7272873,2.7272873,0.0,0.0,0.0,0.0,1272.4301,1118.9596999999999,1398.9937,1253.2100666666665
2017-03-20 13:00:00,12.6940433,12.6940433,0.0,0.0,0.0,0.0,0.22219824999999999,0.025924054,2.4356327,0.871225672
2017-03-20 14:00:00,9.2841134,9.2841134,0.0,0.0,0.0,0.0,0.0,0.0,0.0,0.0
2017-03-20 15:00:00,8.912641699999998,8.912641699999998,0.0,0.0,0.0,0.0,0.0,0.0,0.0,0.0
2017-03-20 16:00:00,15.5858399,15.5858399,0.0,0.0,0.0,0.0,52.510163999999996,31.665670000000002,81.57655199999999,52.208524
2017-03-20 17:00:00,21.042719899999998,21.042719899999998,0.45080662000000005,0.0,5.9399476,1.3756901799999999,17.544629,12.446091,21.628044,17.230119666666663
2017-03-20 18:00:00,28.8926294,28.8926294,0.0,0.0,3.2684725,0.6035412444444445,4.949763,2.1126627,8.993964,5.6174394777777765
2017-03-20 19:00:00,7.5061595,7.5061595,0.0,0.0,0.21713745,0.024126383333333334,0.12791577,0.011790368,0.5104912500000001,0.20889715500000003
2017-03-20 20:00:00,3.6345572,3.6345572,0.0,0.0,0.0,0.0,0.0,0.0,0.0,0.0
2017-03-20 21:00:00,1.8075676999999999,1.8075676999999999,0.0,0.0,0.0,0.0,0.0,0.0,0.0,0.0
2017-03-20 22:00:00,0.5351384,0.5351384,0.0,0.0,0.0,0.0,0.0,0.0,0.0,0.0
2017-03-20 23:00:00,0.055673900000000005,0.055673900000000005,0.0,0.0,0.0,0.0,145.02759,115.133,178.65886999999998,144.98070555555557
2017-03-21 00:00:00,27.663559399999997,27.663559399999997,0.0,0.0,0.0,0.0,1.8175532,0.42799232,5.5654391,2.1501587122222223
2017-03-21 01:00:00,,17.178268260298942,0.0,0.0,0.0,0.0,0.0,0.0,0.0,0.0
2017-03-21 02:00:00,,17.509729775307992,0.0,0.0,0.0,0.0,0.0,0.0,0.0,0.0
2017-03-21 03:00:00,,18.173548654054525,0.0,0.0,0.0,0.0,0.0,0.0,0.0,0.0
2017-03-21 04:00:00,,18.786427502142125,0.0,0.0,0.0,0.0,0.0,0.0,0.0,0.0
2017-03-21 05:00:00,,19.239800258084816,0.0,0.0,0.0,0.0,,,,
2017-03-21 06:00:00,,19.389590725399852,0.0,0.0,0.0,0.0,,,,
2017-03-21 07:00:00,18.6300539,18.6300539,0.0,0.0,0.0,0.0,,,,
2017-03-21 08:00:00,13.3061138,13.3061138,0.0,0.0,0.0,0.0,,,,
2017-03-21 09:00:00,,18.19731872938381,0.0,0.0,0.0,0.0,,,,
2017-03-21 10:00:00,0.28932440000000004,0.28932440000000004,0.0,0.0,0.0,0.0,,,,
2017-03-21 11:00:00,5.802474500000001,5.802474500000001,0.0,0.0,0.0,0.0,,,,
2017-03-21 12:00:00,26.9559299,26.9559299,0.0,0.0,0.0,0.0,,,,
2017-03-21 13:00:00,44.930784499999994,44.930784499999994,0.0,0.0,0.0,0.0,,,,
2017-03-21 14:00:00,47.355709399999995,47.355709399999995,0.0,0.0,0.0,0.0,,,,
2017-03-21 15:00:00,34.31615120000001,34.31615120000001,21.127124,7.5099201,41.782449,22.508114588888887,,,,
2017-03-21 16:00:00,45.108912200000006,45.108912200000006,24.533516,7.563016,56.654808,27.546747200000002,,,,
2017-03-21 17:00:00,46.066044500000004,46.066044500000004,32.190575,9.601990299999999,73.640796,35.65356636666667,,,,
2017-03-21 18:00:00,26.9920706,26.9920706,55.209046,20.180837999999998,103.13647,57.05341377777778,,,,
2017-03-21 19:00:00,11.3349749,11.3349749,75.416465,33.057688,118.91501,74.5594848888889,,,,
2017-03-21 20:00:00,30.7326728,30.7326728,225.80969,120.79003,288.22501,213.68259666666665,,,,
2017-03-21 21:00:00,59.7653573,59.7653573,463.66482,271.65274,522.89886,420.7861077777778,,,,
2017-03-21 22:00:00,10.8574184,10.8574184,596.97923,445.77927,616.46284,536.649051111111,,,,
2017-03-21 23:00:00,9.798860000000001,9.798860000000001,435.76930000000004,215.45202,576.3496700000001,418.26265,,,,
2017-03-22 00:00:00,,32.48822018927855,448.35926,299.34992,462.99322,397.37420888888886,0.0,0.0,0.0,0.0
2017-03-22 01:00:00,19.020239899999996,19.020239899999996,0.0,0.0,0.0,0.0,0.0,0.0,0.0,0.0
2017-03-22 02:00:00,76.1612306,76.1612306,0.0,0.0,0.0,0.0,0.0,0.0,0.0,0.0
2017-03-22 03:00:00,108.2513738,108.2513738,0.0,0.0,0.0,0.0,0.0,0.0,0.0,0.0
2017-03-22 04:00:00,,52.88630076873603,0.0,0.0,0.0,0.0,0.0,0.0,0.0,0.0
2017-03-22 05:00:00,,45.531510094194076,0.0,0.0,14.217716999999999,2.1575230555555556,0.0,0.0,0.0,0.0
2017-03-22 06:00:00,,42.43590431515314,0.0,0.0,1.6442164000000001,0.22751511333333335,48.806804,48.806804,51.69589,50.14870211111112
2017-03-22 07:00:00,,40.77035212387405,0.0,0.0,0.0,0.0,0.0,0.0,0.0,0.0
2017-03-22 08:00:00,,40.608400801786566,0.0,0.0,0.0,0.0,0.0,0.0,0.0,0.0
2017-03-22 09:00:00,,40.38174131334391,0.0,0.0,0.0,0.0,0.0,0.0,0.0,0.0
2017-03-22 10:00:00,,40.11138386316771,0.0,0.0,0.0,0.0,0.0,0.0,0.0,0.0
2017-03-22 11:00:00,,39.900960443145124,0.0,0.0,0.0,0.0,0.0,0.0,0.0,0.0
2017-03-22 12:00:00,,39.663275431107316,0.0,0.0,0.0,0.0,12.482766999999999,6.509481,19.584491,12.722827155555557
2017-03-22 13:00:00,,39.48863461878637,0.0,0.0,0.0,0.0,0.0,0.0,0.0,0.0
2017-03-22 14:00:00,,39.26582017345808,0.0,0.0,0.0,0.0,0.0,0.0,0.0,0.0
2017-03-22 15:00:00,,39.42438567112888,7.1851887,1.5913486000000001,21.522015,8.975412255555556,0.0,0.0,0.0,0.0
2017-03-22 16:00:00,,39.925173514361404,40.153442000000005,16.318627,72.062496,41.45847022222222,0.0,0.0,0.0,0.0
2017-03-22 17:00:00,,40.46311471824708,98.437849,78.201228,105.15634,92.78764022222224,14.534948,14.128161,15.22003,14.591457222222223
2017-03-22 18:00:00,,41.2310702297528,109.25365,90.59046000000001,113.66675000000001,101.80797288888888,0.0,0.0,0.0,0.0
2017-03-22 19:00:00,,42.26765825155948,100.5754,73.595984,107.91999,93.82718844444445,0.0,0.0,0.0,0.0
2017-03-22 20:00:00,,43.11161014779626,144.77067,103.22598,155.61153,134.44492888888888,0.0,0.0,0.0,0.0
2017-03-22 21:00:00,,44.186853948619145,352.41558,253.89189,397.95597,321.2358644444444,0.0,0.0,0.0,0.0
2017-03-22 22:00:00,,46.11761397741471,467.34491,246.09562,579.6664,435.6353877777778,0.0,0.0,0.0,0.0
2017-03-22 23:00:00,,50.603832676621074,283.3824,93.682844,503.74423,297.4025771111111,168.06991,128.89532,200.57864,164.72740555555555
2017-03-23 00:00:00,72.67717490000001,72.67717490000001,412.68800999999996,345.28319,445.37077,402.3076433333333,100.34457,70.78343299999999,113.44958,95.52062166666667
2017-03-23 01:00:00,,50.44782443688863,400.97183,125.52951999999999,490.29301999999996,352.7756322222222,0.0,0.0,0.0,0.0
2017-03-23 02:00:00,,45.68973228806563,382.68516,109.7667,483.64405,339.1554022222222,0.0,0.0,0.0,0.0
2017-03-23 03:00:00,,43.87061967979031,89.135523,11.178786,314.52040999999997,119.72865022222219,0.0,0.0,0.0,0.0
2017-03-23 04:00:00,,42.72223899758858,2.8928309,0.0,36.213038,8.644825284444444,0.0,0.0,0.0,0.0
2017-03-23 05:00:00,,41.763159940922165,0.0,0.0,0.13777915,0.015308794444444444,0.0,0.0,0.0,0.0
2017-03-23 06:00:00,,40.40491765436948,0.0,0.0,0.0,0.0,56.630488,54.529912,65.38884900000001,57.76513766666666
2017-03-23 07:00:00,,38.9487183078596,0.0,0.0,0.0,0.0,0.0,0.0,0.19902274,0.022113637777777778
2017-03-23 08:00:00,,37.359949367295435,0.0,0.0,0.0,0.0,0.0,0.0,0.0,0.0
2017-03-23 09:00:00,,35.11065514027195,0.0,0.0,0.0,0.0,0.0,0.0,0.0,0.0
2017-03-23 10:00:00,,31.0888120939809,0.0,0.0,0.0,0.0,0.0,0.0,0.0,0.0
2017-03-23 11:00:00,7.641818300000001,7.641818300000001,0.0,0.0,0.0,0.0,0.0,0.0,0.0,0.0
2017-03-23 12:00:00,11.2431206,11.2431206,0.0,0.0,0.0,0.0,19.589683,18.24597,21.98969,19.846682666666666
2017-03-23 13:00:00,23.745624499999998,23.745624499999998,0.0,0.0,0.0,0.0,0.0,0.0,0.0,0.0
2017-03-23 14:00:00,32.014340000000004,32.014340000000004,0.0,0.0,0.0,0.0,0.0,0.0,0.0,0.0
2017-03-23 15:00:00,35.7511739,35.7511739,13.170537,4.120656299999999,29.921398999999997,14.771988488888887,0.0,0.0,0.0,0.0
2017-03-23 16:00:00,39.547632799999995,39.547632799999995,17.195247,4.6252408,44.521387999999995,20.187983288888887,0.0,0.0,0.0,0.0
2017-03-23 17:00:00,17.2601417,17.2601417,18.452310999999998,4.2737229,51.873179,22.064262922222223,23.429957,21.459104,24.636094,23.29501088888889
2017-03-23 18:00:00,12.952625,12.952625,51.689676,19.07057,96.835742,53.39049011111111,0.0062363434,0.0008827910099999999,0.026856473000000002,0.010710985545555557
2017-03-23 19:00:00,69.76450159999999,69.76450159999999,81.214384,44.174663,106.07136999999999,78.00133733333332,0.0,0.0,0.0,0.0
2017-03-23 20:00:00,146.3089778,146.3089778,139.96343,110.95652,152.94604,130.48551555555557,0.0,0.0,0.0,0.0
2017-03-23 21:00:00,122.44089950000001,122.44089950000001,112.31042000000001,40.365765,213.42753,123.65227911111111,0.0,0.0,0.0,0.0
2017-03-23 22:00:00,94.6146911,94.6146911,12.809694,1.4967492,59.129987,21.34045593333333,0.0,0.0,0.0,0.0
2017-03-23 23:00:00,96.0902588,96.0902588,0.0,0.0,1.4180986,0.25067120555555555,0.0,0.0,0.0,0.0
2017-03-24 00:00:00,2.6984605999999998,2.6984605999999998,39.790106,1.3947703999999999,156.62727999999998,60.689898288888884,0.25444569,0.25255844,0.26310909,0.2577701422222222
2017-03-24 01:00:00,78.4055156,78.4055156,590.62295,437.95709,613.29314,537.3211455555555,0.0,0.0,0.0,0.0
2017-03-24 02:00:00,88.3865339,88.3865339,143.10243,45.724039,278.45777,149.77164955555554,0.0,0.0,0.0,0.0
2017-03-24 03:00:00,44.91660170000001,44.91660170000001,0.28988708,0.0,5.3725457,1.2867396199999999,0.0,0.0,0.0,0.0
2017-03-24 04:00:00,13.254518300000003,13.254518300000003,0.0,0.0,0.0,0.0,0.0,0.0,0.0,0.0
2017-03-24 05:00:00,4.7674799000000005,4.7674799000000005,0.0,0.0,0.0,0.0,0.0,0.0,0.0,0.0
2017-03-24 06:00:00,0.22731439999999997,0.22731439999999997,0.0,0.0,0.0,0.0,48.408689,48.408689,76.564094,56.287382
2017-03-24 07:00:00,,24.391880208473943,0.0,0.0,0.0,0.0,0.0,0.0,0.0,0.0
2017-03-24 08:00:00,4.1085362000000005,4.1085362000000005,0.0,0.0,0.0,0.0,0.0,0.0,0.0,0.0
2017-03-24 09:00:00,2.6500928,2.6500928,0.0,0.0,0.0,0.0,0.0,0.0,0.0,0.0
2017-03-24 10:00:00,9.0708149,9.0708149,0.0,0.0,0.0,0.0,0.0,0.0,0.0,0.0
2017-03-24 11:00:00,28.870115000000002,28.870115000000002,0.0,0.0,0.0,0.0,0.0,0.0,0.0,0.0
2017-03-24 12:00:00,24.2221634,24.2221634,0.0,0.0,0.0,0.0,17.658167,16.831465,19.140722,17.712638777777777
2017-03-24 13:00:00,35.2307828,35.2307828,0.0,0.0,0.0,0.0,0.0,0.0,0.0,0.0
2017-03-24 14:00:00,47.753288899999994,47.753288899999994,0.0,0.0,0.0,0.0,0.0,0.0,0.0,0.0
2017-03-24 15:00:00,41.501075,41.501075,0.0,0.0,0.10917773,0.014963310777777778,0.0,0.0,0.0,0.0
2017-03-24 16:00:00,36.632495,36.632495,41.877058,20.154963000000002,66.571563,42.31891655555555,0.0,0.0,0.0,0.0
2017-03-24 17:00:00,34.018280600000004,34.018280600000004,90.411835,72.540759,94.59092,85.44068366666666,13.919165,13.478534,14.041409,13.789165666666667
2017-03-24 18:00:00,38.51317879999999,38.51317879999999,100.12938,73.823976,107.93223,93.89563833333334,0.2073959,0.047224692,0.71940764,0.2605860042222223
2017-03-24 19:00:00,30.9375761,30.9375761,97.416516,73.22175999999999,104.98174,91.6594182222222,0.0,0.0,0.0,0.0
2017-03-24 20:00:00,41.7066461,41.7066461,94.625655,59.288031,114.66803,90.79280555555556,0.0,0.0,0.0,0.0
2017-03-24 21:00:00,10.2638873,10.2638873,98.702367,39.794239,167.4396,103.19005122222222,0.0,0.0,0.0,0.0
2017-03-24 22:00:00,6.715468400000001,6.715468400000001,58.585698,16.358405,132.8384,68.16050422222222,0.0,0.0,0.0,0.0
2017-03-24 23:00:00,4.475078900000001,4.475078900000001,11.063531,2.1445151,38.293085,15.035272299999999,0.0,0.0,0.0,0.0
2017-03-25 00:00:00,5.199832700000001,5.199832700000001,0.0,0.0,17.007347,3.8705505000000002,0.043077452999999995,0.012608494,0.10091983,0.051032631777777775
2017-03-25 01:00:00,2.5597649,2.5597649,79.556274,7.7936247,264.9774,111.89384074444445,0.0,0.0,0.0,0.0
2017-03-25 02:00:00,28.0975022,28.0975022,223.17628,55.510762,358.63543999999996,214.67501700000003,0.0,0.0,0.0,0.0
2017-03-25 03:00:00,57.51630229999999,57.51630229999999,311.70854,93.326431,439.13873,278.3936934444444,0.0,0.0,0.0,0.0
2017-03-25 04:00:00,42.748684399999995,42.748684399999995,387.80789999999996,127.02758,536.36334,341.7332988888889,0.0,0.0,0.0,0.0
2017-03-25 05:00:00,21.0599078,21.0599078,432.48388,146.41869,559.83366,373.0576,65.951994,13.983529,106.55142000000001,63.42902266666667
2017-03-25 06:00:00,33.0457094,33.0457094,345.83636,118.2599,499.94874000000004,327.4619433333334,2.535164,0.2976941,8.2680854,3.501963011111111
2017-03-25 07:00:00,25.8986117,25.8986117,42.873638,4.4122721,215.94415,70.19099206666665,0.0,0.0,0.0,0.0
2017-03-25 08:00:00,36.4176701,36.4176701,0.084312674,0.0,11.004554,2.2952769526666668,0.0,0.0,0.0,0.0
2017-03-25 09:00:00,4.0300856,4.0300856,0.0,0.0,0.0,0.0,0.0,0.0,0.0,0.0
2017-03-25 10:00:00,3.4556822,3.4556822,0.0,0.0,0.0,0.0,0.0,0.0,0.0,0.0
2017-03-25 11:00:00,9.1574222,9.1574222,0.0,0.0,1.1504708,0.1278300888888889,0.0,0.0,0.0,0.0
2017-03-25 12:00:00,50.4111806,50.4111806,0.41432352,0.0,5.3030089,1.38115621,32.388943999999995,29.411332,35.543315,32.46464122222223
2017-03-25 13:00:00,60.242071100000004,60.242071100000004,0.0,0.0,0.0,0.0,0.0,0.0,0.0,0.0
2017-03-25 14:00:00,56.181831200000005,56.181831200000005,0.0,0.0,0.0,0.0,0.0,0.0,0.0,0.0
2017-03-25 15:00:00,45.8466722,45.8466722,0.0,0.0,0.0,0.0,0.0,0.0,0.0,0.0
2017-03-25 16:00:00,54.8127299,54.8127299,39.080751,26.696611,46.153938000000004,37.778618333333334,0.0,0.0,0.0,0.0
2017-03-25 17:00:00,26.901313399999996,26.901313399999996,88.664834,62.437946,104.73785000000001,87.635355,5.9183531,3.228381,10.027859000000001,6.128462244444444
2017-03-25 18:00:00,15.390174499999999,15.390174499999999,74.00583900000001,47.722933,98.240249,75.82028211111111,12.873562,8.653391,17.811408,13.017046188888889
2017-03-25 19:00:00,12.1914761,12.1914761,16.569895,6.7237697,33.841745,17.870324744444442,0.34124304,0.21105977,0.51003076,0.3505229411111112
2017-03-25 20:00:00,10.4828462,10.4828462,18.536141999999998,8.2169217,34.513381,19.41709841111111,0.0,0.0,0.0,0.0
2017-03-25 21:00:00,8.1351794,8.1351794,70.38287,61.242681,80.821403,70.958506,0.0,0.0,0.0,0.0
2017-03-25 22:00:00,7.0925050999999995,7.0925050999999995,6.6710367999999995,1.3954314,20.810336000000003,8.563077755555558,0.0,0.0,0.0,0.0
2017-03-25 23:00:00,6.2683127,6.2683127,0.0,0.0,0.070705511,0.010176890222222222,0.0,0.0,0.0,0.0
2017-03-26 00:00:00,4.4817728,4.4817728,0.0,0.0,0.0,0.0,0.0,0.0,0.0,0.0
2017-03-26 01:00:00,3.7133894,3.7133894,0.0,0.0,0.0,0.0,0.0,0.0,0.0,0.0
2017-03-26 02:00:00,3.7606282999999996,3.7606282999999996,0.0,0.0,0.0,0.0,0.0,0.0,0.0,0.0
2017-03-26 03:00:00,2.6517623,2.6517623,0.0,0.0,0.0,0.0,0.0,0.0,0.0,0.0
2017-03-26 04:00:00,14.6592356,14.6592356,0.0,0.0,0.0,0.0,0.0,0.0,0.0,0.0
2017-03-26 05:00:00,21.1404572,21.1404572,15.979609,0.0,193.46418,53.23240325555556,0.0,0.0,0.0,0.0
2017-03-26 06:00:00,17.0714405,17.0714405,440.37678,93.747163,720.47883,426.78179811111113,0.0,0.0,0.0,0.0
2017-03-26 07:00:00,12.600646699999999,12.600646699999999,519.5772400000001,211.43877999999998,642.48085,458.3549911111111,0.0,0.0,0.0,0.0
2017-03-26 08:00:00,27.3241262,27.3241262,87.998771,11.240135,331.68512,121.98369555555554,0.0,0.0,0.0,0.0
2017-03-26 09:00:00,28.7800733,28.7800733,14.301315,0.0,183.37017999999998,45.76954871111111,0.0,0.0,0.0,0.0
2017-03-26 10:00:00,52.313075,52.313075,3.2823566,0.0,140.66053,30.23714779333333,0.0,0.0,0.0,0.0
2017-03-26 11:00:00,69.19892270000001,69.19892270000001,0.0,0.0,53.949418,10.06864902,0.0,0.0,15.501104,2.861294788888889
2017-03-26 12:00:00,66.561065,66.561065,20.117632,2.9819985,78.3297,29.113282311111114,39.162132,32.988409999999995,41.799713999999994,38.62407822222221
2017-03-26 13:00:00,62.3082284,62.3082284,0.0,0.0,0.0,0.0,0.0,0.0,0.0,0.0
2017-03-26 14:00:00,63.0516806,63.0516806,0.0,0.0,0.0,0.0,0.0,0.0,0.0,0.0
2017-03-26 15:00:00,65.08136329999999,65.08136329999999,0.0,0.0,0.0,0.0,0.0,0.0,0.0,0.0
2017-03-26 16:00:00,58.26365,58.26365,35.353564999999996,27.023571,43.721582000000005,34.41733844444445,0.0,0.0,0.0,0.0
2017-03-26 17:00:00,62.6430983,62.6430983,104.08659999999999,88.739682,113.9535,102.93198966666665,4.4197936,2.4077628,7.63341,4.634735911111111
2017-03-26 18:00:00,22.8230906,22.8230906,96.758471,88.306719,100.6993,94.14449244444444,2.4923547,1.4353433999999998,3.9342384999999997,2.551616633333333
2017-03-26 19:00:00,10.9591784,10.9591784,86.674561,67.682144,98.34090499999999,84.90602255555555,0.0,0.0,0.0,0.0
2017-03-26 20:00:00,8.585642300000002,8.585642300000002,59.757313,37.511047000000005,83.293024,59.75998699999999,0.0,0.0,0.0,0.0
2017-03-26 21:00:00,15.2708927,15.2708927,98.12924699999999,90.599358,108.66676000000001,96.973304,0.0,0.0,0.0,0.0
2017-03-26 22:00:00,9.2909345,9.2909345,23.138071,8.189875200000001,48.63703700000001,25.535619466666667,0.0,0.0,0.0,0.0
2017-03-26 23:00:00,4.713960500000001,4.713960500000001,0.0,0.0,0.6722089,0.11255499,0.0,0.0,0.0,0.0
2017-03-27 00:00:00,4.0331383999999995,4.0331383999999995,0.0078887652,0.007182114,0.0088349701,0.007981815944444446,0.0,0.0,0.0,0.0
2017-03-27 01:00:00,3.7573211000000004,3.7573211000000004,0.0011742413,0.0010646461,0.0013212872,0.0011880706555555556,0.0,0.0,0.0,0.0
2017-03-27 02:00:00,9.5103545,9.5103545,0.0,0.0,0.0,0.0,0.0,0.0,0.0,0.0
2017-03-27 03:00:00,14.6571845,14.6571845,0.0,0.0,0.0,0.0,0.0,0.0,0.0,0.0
2017-03-27 04:00:00,3.6262733,3.6262733,0.0,0.0,0.0,0.0,0.0,0.0,0.0,0.0
2017-03-27 05:00:00,9.1999388,9.1999388,0.0,0.0,0.0,0.0,0.0,0.0,0.0,0.0
2017-03-27 06:00:00,14.961876199999999,14.961876199999999,0.0,0.0,0.0,0.0,0.0,0.0,0.0,0.0
2017-03-27 07:00:00,11.7675344,11.7675344,100.8086,18.376186,185.22696,103.34378955555556,0.0,0.0,0.0,0.0
2017-03-27 08:00:00,14.405837300000002,14.405837300000002,122.98463999999998,65.402659,144.47114,112.31297544444443,0.0,0.0,0.0,0.0
2017-03-27 09:00:00,20.257339399999996,20.257339399999996,144.81187,38.127648,204.78228,130.92208722222222,0.0,0.0,0.0,0.0
2017-03-27 10:00:00,38.963562200000005,38.963562200000005,153.19126,42.938984,201.25621999999998,135.01349555555555,0.0,0.0,0.0,0.0
2017-03-27 11:00:00,42.604614500000004,42.604614500000004,164.62679,61.868871999999996,208.50808,140.41451455555554,89.03769799999999,5.917964199999999,188.31870999999998,94.91239135555556
2017-03-27 12:00:00,57.763642700000005,57.763642700000005,62.460364000000006,42.486088,64.487416,54.15249611111111,1.8180853000000001,0.040505032,9.3220797,3.3301656002222226
2017-03-27 13:00:00,52.7139299,52.7139299,0.0,0.0,0.0,0.0,0.0,0.0,0.0,0.0
2017-03-27 14:00:00,51.4795811,51.4795811,0.0,0.0,0.0,0.0,0.0,0.0,0.0,0.0
2017-03-27 15:00:00,48.4556555,48.4556555,0.0,0.0,0.0,0.0,0.0,0.0,0.0,0.0
2017-03-27 16:00:00,50.8689416,50.8689416,15.579191,9.9418094,24.308438,16.551350233333334,0.0,0.0,0.0,0.0
2017-03-27 17:00:00,48.7049039,48.7049039,31.904550000000004,29.669203,44.786032999999996,34.488665777777776,2.1197852,0.91904838,4.0380746,2.338783697777778
2017-03-27 18:00:00,14.3407745,14.3407745,17.969893,12.251822,28.368937,19.993138333333334,0.21008923000000002,0.073683161,0.50744347,0.23274654233333336
2017-03-27 19:00:00,9.8984894,9.8984894,43.835967999999994,26.802642000000002,62.012048,44.40911588888889,0.0,0.0,0.0,0.0
2017-03-27 20:00:00,7.6978022,7.6978022,61.237304,43.931752,75.456985,60.795527444444446,0.0,0.0,0.0,0.0
2017-03-27 21:00:00,6.332119400000001,6.332119400000001,7.4606291,3.2909918,14.299881999999998,7.988571833333334,0.0,0.0,0.0,0.0
2017-03-27 22:00:00,5.5166561,5.5166561,0.0,0.0,0.0,0.0,0.0,0.0,0.0,0.0
2017-03-27 23:00:00,4.801156099999999,4.801156099999999,0.0,0.0,0.0,0.0,0.0,0.0,0.0,0.0
2017-03-28 00:00:00,5.9489294,5.9489294,0.0,0.0,0.0,0.0,0.0,0.0,0.0,0.0
2017-03-28 01:00:00,3.7962761,3.7962761,0.0,0.0,0.0,0.0,0.0020380078000000004,0.00082416063,0.0049322395,0.002346029781111111
2017-03-28 02:00:00,2.4118472,2.4118472,0.0,0.0,0.0,0.0,0.0,0.0,0.0,0.0
2017-03-28 03:00:00,1.7370511999999998,1.7370511999999998,0.0,0.0,0.0,0.0,0.0,0.0,0.0,0.0
2017-03-28 04:00:00,0.6498728,0.6498728,0.0,0.0,0.0,0.0,0.0,0.0,0.0,0.0
2017-03-28 05:00:00,,17.073385028841574,0.0,0.0,0.0,0.0,0.0,0.0,0.0,0.0
2017-03-28 06:00:00,,20.011903954054905,0.0,0.0,0.0,0.0,0.0,0.0,0.0,0.0
2017-03-28 07:00:00,,20.99331645280798,0.0,0.0,0.0,0.0,0.0,0.0,0.0,0.0
2017-03-28 08:00:00,3.5376467000000003,3.5376467000000003,0.0,0.0,0.0,0.0,0.0,0.0,0.0,0.0
2017-03-28 09:00:00,28.5126989,28.5126989,0.0,0.0,0.0,0.0,0.0,0.0,0.0,0.0
2017-03-28 10:00:00,73.53375559999999,73.53375559999999,0.0,0.0,0.0,0.0,0.0,0.0,0.0,0.0
2017-03-28 11:00:00,21.367032199999997,21.367032199999997,0.0,0.0,0.0,0.0,0.0,0.0,0.0,0.0
2017-03-28 12:00:00,15.9464678,15.9464678,0.0,0.0,0.0,0.0,0.0,0.0,0.0,0.0
2017-03-28 13:00:00,38.6742299,38.6742299,0.0,0.0,0.0,0.0,0.0,0.0,0.0,0.0
2017-03-28 14:00:00,63.4731101,63.4731101,0.0,0.0,0.0,0.0,0.0,0.0,0.0,0.0
2017-03-28 15:00:00,70.4621777,70.4621777,0.0,0.0,0.0,0.0,0.0,0.0,0.0,0.0
2017-03-28 16:00:00,58.809735499999995,58.809735499999995,2.7508369999999998,1.2901824,5.3734551999999995,2.8995065777777778,0.0,0.0,0.0,0.0
2017-03-28 17:00:00,55.919862800000004,55.919862800000004,48.195579,32.719483,63.393636,48.56706311111111,0.0,0.0,0.0,0.0
2017-03-28 18:00:00,26.7745745,26.7745745,70.35672799999999,61.395272,79.327227,70.56111733333334,0.25107258000000005,0.098519983,0.5288598,0.2800033758888889
2017-03-28 19:00:00,13.9005989,13.9005989,50.964645,43.926735,59.932241,51.624914777777775,0.35074845,0.20843528,0.54320577,0.36131274777777783
2017-03-28 20:00:00,11.297562199999998,11.297562199999998,53.362521,46.21438,63.081447000000004,53.68185555555556,0.0,0.0,0.0010529946,0.0001169994
2017-03-28 21:00:00,8.5724294,8.5724294,50.257899,42.250838,60.99356,50.726542,0.0,0.0,0.0,0.0
2017-03-28 22:00:00,7.6988516,7.6988516,83.752901,76.031713,92.10767200000001,83.79187866666668,0.0,0.0,0.0,0.0
2017-03-28 23:00:00,6.3145499,6.3145499,41.864023,37.105503,46.713179000000004,41.85659022222222,0.0,0.0,0.0,0.0
2017-03-29 00:00:00,3.2643416000000003,3.2643416000000003,6.7250967,5.7225211,7.9402398000000005,6.757081744444445,0.05104252,0.049516814,0.053095405,0.05129569266666667
2017-03-29 01:00:00,5.7239762,5.7239762,0.56278355,0.4886503,0.64845648,0.5651517777777778,0.030683584,0.029381694,0.032403133,0.03086047411111111
2017-03-29 02:00:00,5.6174939,5.6174939,0.067993362,0.058739005,0.078216736,0.06823596266666666,0.0084224165,0.0078598017,0.0091066248,0.008466453711111111
2017-03-29 03:00:00,19.9926362,19.9926362,0.00016988379,0.0,0.0005594752999999999,0.00022724047411111107,0.00013254621,0.00012219507,0.00014512705,0.00013333542
2017-03-29 04:00:00,3.4916638999999994,3.4916638999999994,0.0,0.0,0.0,0.0,0.0,0.0,0.0,0.0
2017-03-29 05:00:00,0.0274355,0.0274355,0.0,0.0,0.0,0.0,0.0,0.0,0.0,0.0
2017-03-29 06:00:00,,15.630435360146487,0.0,0.0,0.0,0.0,0.0,0.0,0.0,0.0
2017-03-29 07:00:00,,18.022843449503235,0.0,0.0,0.0,0.0,0.0,0.0,0.0,0.0
2017-03-29 08:00:00,,18.87206969158573,0.0,0.0,0.0,0.0,0.0,0.0,0.0,0.0
2017-03-29 09:00:00,4.182980000000001,4.182980000000001,0.0,0.0,0.0,0.0,0.0,0.0,0.0,0.0
2017-03-29 10:00:00,34.3195856,34.3195856,0.0,0.0,0.0,0.0,0.0,0.0,0.0,0.0
2017-03-29 11:00:00,47.9777333,47.9777333,0.0,0.0,0.0,0.0,0.0,0.0,0.0,0.0
2017-03-29 12:00:00,10.0623389,10.0623389,0.0,0.0,0.0,0.0,0.0,0.0,0.0,0.0
2017-03-29 13:00:00,13.121212699999997,13.121212699999997,0.0,0.0,0.0,0.0,0.0,0.0,0.0,0.0
2017-03-29 14:00:00,19.318985,19.318985,0.0,0.0,0.0,0.0,0.0,0.0,0.0,0.0
2017-03-29 15:00:00,57.6436295,57.6436295,0.0,0.0,0.0,0.0,0.0,0.0,0.0,0.0
2017-03-29 16:00:00,71.281775,71.281775,0.0,0.0,0.0,0.0,0.0,0.0,0.0,0.0
2017-03-29 17:00:00,58.23975229999999,58.23975229999999,0.0,0.0,0.0,0.0,0.0,0.0,0.0,0.0
2017-03-29 18:00:00,13.740183800000002,13.740183800000002,0.036621113000000004,0.015254338000000001,0.087697067,0.04117233822222223,0.24655816,0.10338786,0.50443623,0.27822863555555555
2017-03-29 19:00:00,9.8899988,9.8899988,0.043971522,0.031371421000000003,0.047402672,0.042730567000000004,0.34356074000000003,0.21516138999999998,0.50265385,0.34957354111111116
2017-03-29 20:00:00,8.2093688,8.2093688,0.40071509,0.37646799,0.41742967000000003,0.39782661999999996,0.0,0.0,0.0019269562000000001,0.0003125816077777778
2017-03-29 21:00:00,6.6265238,6.6265238,0.0,0.0,0.0,0.0,0.0,0.0,0.0,0.0
2017-03-29 22:00:00,5.916875,5.916875,0.017834701,0.014683003,0.024057941,0.018214486666666665,0.0,0.0,0.0,0.0
2017-03-29 23:00:00,5.649755,5.649755,0.0054609197000000005,0.004820754,0.0061643637,0.0054698013,0.0,0.0,0.0,0.0
2017-03-30 00:00:00,8.2299116,8.2299116,0.0,0.0,0.0,0.0,0.0,0.0,0.0,0.0
2017-03-30 01:00:00,3.2742473,3.2742473,0.0,0.0,0.0,0.0,0.0,0.0,0.0,0.0
2017-03-30 02:00:00,1.5397322,1.5397322,0.0,0.0,0.0,0.0,0.0,0.0,0.0,0.0
2017-03-30 03:00:00,0.9148145000000001,0.9148145000000001,0.0,0.0,0.0,0.0,0.0,0.0,0.0,0.0
2017-03-30 04:00:00,,12.749563987134355,0.0,0.0,0.0,0.0,0.0,0.0,0.0,0.0
2017-03-30 05:00:00,,13.54691474565248,0.0,0.0,0.0,0.0,0.0,0.0,0.0,0.0
2017-03-30 06:00:00,0.28568330000000003,0.28568330000000003,0.0,0.0,0.0,0.0,0.0,0.0,0.0,0.0
2017-03-30 07:00:00,,16.57814651303806,0.0,0.0,0.0,0.0,0.0,0.0,0.0,0.0
2017-03-30 08:00:00,,18.4546715738197,0.0,0.0,0.0,0.0,0.0,0.0,0.0,0.0
2017-03-30 09:00:00,7.5604739,7.5604739,0.0,0.0,0.0,0.0,0.0,0.0,0.0,0.0
2017-03-30 10:00:00,8.9507222,8.9507222,0.0,0.0,0.0,0.0,0.0,0.0,0.0,0.0
2017-03-30 11:00:00,37.3848989,37.3848989,0.0,0.0,0.0,0.0,0.0,0.0,0.0,0.0
2017-03-30 12:00:00,42.6986789,42.6986789,0.0,0.0,0.0,0.0,0.0,0.0,0.0,0.0
2017-03-30 13:00:00,62.8573667,62.8573667,0.77918281,0.66190984,0.8494323,0.7646625455555556,0.0,0.0,0.0,0.0
2017-03-30 14:00:00,70.16685109999999,70.16685109999999,5.3575932,5.069561200000001,5.7548718,5.391232755555556,0.0,0.0,0.0,0.0
2017-03-30 15:00:00,41.4358055,41.4358055,11.274587,10.637247,12.27928,11.370049555555557,0.0,0.0,0.0,0.0
2017-03-30 16:00:00,20.9653823,20.9653823,15.373862,14.540768,16.261454,15.369521888888888,0.0,0.0,0.0,0.0
2017-03-30 17:00:00,19.5963923,19.5963923,16.094482,15.370548,16.849504,16.095939,0.0,0.0,0.0,0.0
2017-03-30 18:00:00,15.365736199999999,15.365736199999999,15.967302,15.003094,17.014918,15.974961222222223,0.0,0.0,0.0,0.0
2017-03-30 19:00:00,12.4626506,12.4626506,21.073401999999998,19.718374,22.528734999999998,21.07161011111111,0.0,0.0,0.0,0.0
2017-03-30 20:00:00,10.633323800000001,10.633323800000001,23.363789,22.469436,24.233221,23.316436666666668,0.0,0.0,0.0,0.0
2017-03-30 21:00:00,6.2365445,6.2365445,14.387849000000001,12.257738999999999,16.677337,14.41188822222222,0.0,0.0,0.0,0.0
2017-03-30 22:00:00,5.5657394,5.5657394,13.762852,12.991281,15.000188,13.832965777777776,0.0,0.0,0.0,0.0
2017-03-30 23:00:00,5.9472917,5.9472917,33.788998,28.951295000000002,39.69016,33.84044566666667,0.0,0.0,0.0,0.0
2017-03-31 00:00:00,5.5123472,5.5123472,0.0,0.0,0.0,0.0,0.0,0.0,0.0,0.0
2017-03-31 01:00:00,7.0308767,7.0308767,0.0,0.0,0.0,0.0,0.0,0.0,0.007223286,0.0008025873333333333
2017-03-31 02:00:00,5.659120099999999,5.659120099999999,0.0,0.0,0.0,0.0,1.5396843,1.0752856,2.1110902,1.5297842666666668
2017-03-31 03:00:00,12.7426655,12.7426655,0.0,0.0,0.0,0.0,5.4971847,4.5917053999999995,6.6014891,5.455763022222223
2017-03-31 04:00:00,10.823153900000001,10.823153900000001,0.0,0.0,0.0,0.0,8.4701587,7.3471274,9.6340518,8.468513344444442
2017-03-31 05:00:00,4.2308867,4.2308867,0.0,0.0,0.0,0.0,11.464720999999999,10.307438,12.725966,11.476623777777778
2017-03-31 06:00:00,3.0762127999999995,3.0762127999999995,0.0,0.0,0.0,0.0,12.017403,11.125739,12.95518,12.017191222222221
2017-03-31 07:00:00,9.6476828,9.6476828,0.0,0.0,0.0,0.0,11.551299,10.901009,12.22126,11.584038
2017-03-31 08:00:00,13.576032199999998,13.576032199999998,0.0,0.0,0.0,0.0,30.190926,27.934651000000002,34.692479000000006,31.043857555555558
2017-03-31 09:00:00,33.477012800000004,33.477012800000004,0.0,0.0,0.0,0.0,7.3242253999999996,7.0544206,7.5981106,7.324495988888889
2017-03-31 10:00:00,170.46413059999998,170.46413059999998,0.0,0.0,0.0,0.0,6.6911966,6.4977894,6.8853606,6.690121755555555
2017-03-31 11:00:00,36.531657200000005,36.531657200000005,0.0,0.0,0.0,0.0,7.2866887,7.0905153,7.4830732,7.285552222222224
2017-03-31 12:00:00,37.5648551,37.5648551,0.0,0.0,0.0,0.0,2.2522891,2.2036829,2.3000541,2.252022466666667
2017-03-31 13:00:00,63.7585628,63.7585628,114.52186,92.581889,173.4109,124.39781266666667,0.59585437,0.5821953,0.60944268,0.5958003222222223
2017-03-31 14:00:00,41.8805444,41.8805444,415.25337,336.83250999999996,503.11447999999996,415.98521999999997,0.48585684,0.47013670999999996,0.50473301,0.48696146111111116
2017-03-31 15:00:00,42.415118299999996,42.415118299999996,62.584659,34.072928,103.30924,64.55284044444446,1.330302,1.2621202999999999,1.4112964000000001,1.3350539222222222
2017-03-31 16:00:00,57.647572700000005,57.647572700000005,25.934432,19.157404000000003,35.351215,26.250789666666666,1.8159886,1.7423497,1.8941854999999999,1.8175995777777776
2017-03-31 17:00:00,37.4906816,37.4906816,2.1920196,1.646285,2.8965764999999997,2.223425633333333,,,,
2017-03-31 18:00:00,19.20053,19.20053,0.039347039,0.021107663000000002,0.067020821,0.040148212,,,,
2017-03-31 19:00:00,14.8122095,14.8122095,0.0,0.0,0.0,0.0,,,,
2017-03-31 20:00:00,11.9225912,11.9225912,0.0,0.0,0.0,0.0,,,,
2017-03-31 21:00:00,9.2285588,9.2285588,0.0,0.0,0.0,0.0,,,,
2017-03-31 22:00:00,7.704575599999999,7.704575599999999,0.0,0.0,0.0,0.0,,,,
2017-03-31 23:00:00,7.042881200000001,7.042881200000001,0.0,0.0,0.0,0.0,,,,
