TimeBeginning,ElPanama_raw,ElPanama_KNN,ECMWF_raw,ECMWF_min,ECMWF_max,ECMWF_area,NAM_raw,NAM_min,NAM_max,NAM_area
2017-03-01 00:00:00,142.637,142.637,22.639317,1.1411947,24.019875,11.097967422222222,0.0,0.0,0.0,0.0
2017-03-01 01:00:00,39.266329999999996,39.266329999999996,9.5027053,0.67321588,10.258064000000001,5.201220931111111,0.0,0.0,0.0,0.0
2017-03-01 02:00:00,32.56289,32.56289,113.23309,3.8086093,113.23309,50.68752143333334,0.0,0.0,0.0,0.0
2017-03-01 03:00:00,104.96672,104.96672,93.659692,1.9353063,117.42068,50.96573785555556,0.0,0.0,0.0,0.0
2017-03-01 04:00:00,114.76111999999999,114.76111999999999,60.950464,0.020210397,155.82635000000002,52.207584821888894,0.0,0.0,0.0,0.0
2017-03-01 05:00:00,27.92645,27.92645,5.0514413,1.9072141,10.018025,4.775192844444444,42.763411,0.0,62.77742799999999,26.275081914444442
2017-03-01 06:00:00,32.49134,32.49134,1.9187496,0.28215038000000003,2.204049,1.4583446377777778,1.7326948,0.053269019,2.4255755000000003,1.355687972111111
2017-03-01 07:00:00,21.42812,21.42812,2.0239643000000003,0.3407396,2.2076349,1.4705829522222222,0.0,0.0,0.0,0.0
2017-03-01 08:00:00,44.36228,44.36228,18.460225,0.10143767000000001,109.75036999999999,34.383212987777775,0.0,0.0,0.0,0.0
2017-03-01 09:00:00,73.28756,73.28756,40.776569,0.0,141.27340999999998,42.98224727777777,0.0,0.0,0.0,0.0
2017-03-01 10:00:00,27.867620000000002,27.867620000000002,6.1883316,1.9053599,11.288358,4.863381477777779,0.0,0.0,0.0,0.0
2017-03-01 11:00:00,8.84645,8.84645,1.8905824,0.1857001,2.5358095,1.539513888888889,0.0,0.0,62.577281,7.879326822222222
2017-03-01 12:00:00,,51.04109643498767,0.078202532,0.0070751804000000005,0.10861176,0.060731479377777786,4.480491499999999,2.4705487,9.1179618,5.096166933333333
2017-03-01 13:00:00,,56.45847493777853,7.4276491,1.3627559,7.652532100000001,4.441770544444444,0.0,0.0,0.0,0.0
2017-03-01 14:00:00,,58.82315884739315,18.755718,2.5696536,19.049625,10.480080422222223,0.0,0.0,0.0,0.0
2017-03-01 15:00:00,,59.29673026808841,101.62799,8.090486499999999,110.87685,57.59532627777779,0.0,0.0,0.0,0.0
2017-03-01 16:00:00,,56.07245409025582,874.68082,193.66264999999999,978.80384,561.7176455555557,0.0,0.0,88.626846,23.399081555555554
2017-03-01 17:00:00,4.24817,4.24817,955.12794,125.99380999999998,1124.3707,647.3262466666666,179.35087,53.124542,229.87754999999999,151.86746744444446
2017-03-01 18:00:00,20.91773,20.91773,1021.9978,178.89394,1092.0906,665.5828933333333,0.050121994,0.010238919999999999,0.10350361,0.04912778455555556
2017-03-01 19:00:00,103.81555999999999,103.81555999999999,3259.0711,185.09713,3259.0711,1546.0414366666669,0.0,0.0,0.0,0.0
2017-03-01 20:00:00,131.88701,131.88701,3304.4862000000003,183.4619,3694.1094,1593.0133533333335,0.0,0.0,0.0,0.0
2017-03-01 21:00:00,76.47551,76.47551,2138.8662999999997,8.874791100000001,3918.0517000000004,1600.8728373444446,0.0,0.0,0.0,0.0
2017-03-01 22:00:00,94.58084000000001,94.58084000000001,503.06145999999995,0.0,3620.0655,1292.7360094999997,0.0,0.0,0.0,0.0
2017-03-01 23:00:00,88.63901,88.63901,18.880261,0.0,4049.9480000000003,728.6908657777778,72.723291,0.0,722.3273300000001,249.10663092222225
2017-03-02 00:00:00,84.41438000000001,84.41438000000001,1840.0134,0.0,4162.8432999999995,1847.122817,0.019992214,0.0025690925,0.044109394999999996,0.01836455603333333
2017-03-02 01:00:00,47.27834,47.27834,438.26248,0.0,952.49154,377.96394562666666,0.0,0.0,0.0,0.0
2017-03-02 02:00:00,49.23245,49.23245,8.7008493,0.0,27.665503,10.002348827777775,0.0,0.0,0.0,0.0
2017-03-02 03:00:00,133.4945,133.4945,4.6359924,0.0,9.532574899999998,4.213733565555555,0.0,0.0,0.0,0.0
2017-03-02 04:00:00,148.48183999999998,148.48183999999998,3.6607912,0.14717461999999998,5.9013632000000005,3.001134607777778,0.0,0.0,0.0,0.0
2017-03-02 05:00:00,199.27916000000002,199.27916000000002,3.0549922,0.23538321,4.3303489,2.3112072944444444,52.748163999999996,0.0,62.509142,23.02268521111111
2017-03-02 06:00:00,156.98516,156.98516,2.0603279,0.017932293999999998,147.95923,34.03985393755555,0.66465037,0.0,2.2144275,0.8199293488888889
2017-03-02 07:00:00,165.04328,165.04328,0.039051756,0.0,125.80307,21.601758061777776,0.0,0.0,0.0,0.0
2017-03-02 08:00:00,109.92116000000001,109.92116000000001,0.0,0.0,72.11456199999999,10.117864598888888,0.0,0.0,0.0,0.0
2017-03-02 09:00:00,60.62161999999999,60.62161999999999,0.0,0.0,80.929036,11.685794077777778,0.0,0.0,0.0,0.0
2017-03-02 10:00:00,49.91933,49.91933,0.0,0.0,90.935748,13.97485618888889,0.0,0.0,0.0,0.0
2017-03-02 11:00:00,19.89377,19.89377,0.0,0.0,99.544202,16.27316998888889,0.0,0.0,6.9508028,0.7723114222222223
2017-03-02 12:00:00,36.32006,36.32006,0.0,0.0,5.1634129,0.9735712911111111,5.2698647,2.8706486,7.0930523,4.785373311111112
2017-03-02 13:00:00,14.285839999999999,14.285839999999999,2.1623275,0.25386194,2.7922463,1.4078016333333332,0.0,0.0,0.0,0.0
2017-03-02 14:00:00,16.61678,16.61678,3.8511157000000003,0.11586614,7.727318,3.700659746666666,0.0,0.0,0.0,0.0
2017-03-02 15:00:00,41.04077,41.04077,29.968707,0.7811098,58.982052,28.851310511111112,0.0,0.0,0.0,0.0
2017-03-02 16:00:00,17.52149,17.52149,832.5912599999999,80.729602,1258.2995,596.8943135555555,50.490446,0.0,246.41113,90.69228730000002
2017-03-02 17:00:00,54.325219999999995,54.325219999999995,1166.9437,298.58761,1368.1705000000002,745.1738822222222,56.828889,34.20694,69.885711,50.40075233333333
2017-03-02 18:00:00,19.65527,19.65527,1170.1216000000002,264.56395,1316.6724,745.2594788888889,0.16253165,0.029898558,26.235062000000003,8.23608075488889
2017-03-02 19:00:00,,65.35209487349098,2567.8992,179.90035,2567.8992,1363.617458888889,0.0,0.0,0.27509725,0.07399013222222223
2017-03-02 20:00:00,29.71838,29.71838,1725.383,180.88822,1798.2625,1031.0020155555555,0.0,0.0,0.0,0.0
2017-03-02 21:00:00,61.79821999999999,61.79821999999999,2002.8825,29.776784,3742.744,1570.579690111111,0.0,0.0,0.0,0.0
2017-03-02 22:00:00,110.49833000000001,110.49833000000001,224.96132,0.0,4132.5199,1072.6041183333334,0.0,0.0,0.0,0.0
2017-03-02 23:00:00,80.84801,80.84801,2.4952687,0.0,2050.6063,298.3275561888888,689.39931,47.104614999999995,780.36496,514.4370227777777
2017-03-03 00:00:00,155.44127,155.44127,0.0,0.0,105.34044999999999,13.02755345111111,0.010025691000000002,0.0039548071,0.017846005999999998,0.010686233477777777
2017-03-03 01:00:00,135.85088000000002,135.85088000000002,0.0,0.0,61.49595000000001,6.832883333333334,0.0,0.0,0.0,0.0
2017-03-03 02:00:00,146.93795,146.93795,0.0,0.0,56.541478,6.544066333333333,0.0,0.0,0.0,0.0
2017-03-03 03:00:00,123.93701000000001,123.93701000000001,0.0,0.0,73.312556,8.94124688888889,0.0,0.0,0.0,0.0
2017-03-03 04:00:00,169.43327,169.43327,0.0,0.0,87.17415799999999,11.027741666666666,0.0,0.0,0.0,0.0
2017-03-03 05:00:00,160.32416,160.32416,0.0,0.0,105.77891,15.062839755555554,611.08219,1.1917111999999999,763.9775900000001,354.0126181555556
2017-03-03 06:00:00,141.90083,141.90083,0.0,0.0,88.75101000000001,12.329541800000001,0.057911105,0.02244616,0.07446951900000001,0.05005028777777778
2017-03-03 07:00:00,98.71961,98.71961,0.7716277500000001,0.0,8.7190401,2.001498061555556,0.0,0.0,0.0,0.0
2017-03-03 08:00:00,77.54399000000001,77.54399000000001,0.88236334,0.0,3.0821443,1.2683522085555554,0.0,0.0,0.0,0.0
2017-03-03 09:00:00,71.01545,71.01545,0.76800603,0.0,2.820738,1.1326810328888888,0.0,0.0,0.0,0.0
2017-03-03 10:00:00,42.16967,42.16967,0.046710838000000005,0.0,6.7367127,0.8011711801,0.0,0.0,0.0,0.0
2017-03-03 11:00:00,81.44266999999999,81.44266999999999,0.0,0.0,1.4846211,0.1649579,0.0,0.0,1023.5371,200.06581740000001
2017-03-03 12:00:00,25.83878,25.83878,0.0,0.0,0.24787741,0.027541934444444444,1.5223586,0.82203167,1.7768275,1.3418211522222223
2017-03-03 13:00:00,11.126510000000001,11.126510000000001,0.5262275,0.0,4.196193500000001,1.3087801578544445,0.0,0.0,0.0,0.0
2017-03-03 14:00:00,,62.83366676926607,1.4785536,0.0,12.320580000000001,3.652271537333333,0.0,0.0,0.0,0.0
2017-03-03 15:00:00,30.61673,30.61673,2.8888817,0.0,30.820334,8.926327756133334,0.0,0.0,0.0,0.0
2017-03-03 16:00:00,41.70539,41.70539,72.56134999999999,0.0,340.64423999999997,118.29106902944444,93.189992,0.0,857.5533300000001,312.9174751111111
2017-03-03 17:00:00,38.530159999999995,38.530159999999995,305.11003999999997,0.05615188,997.86953,386.9947699866667,90.072594,63.973006,129.31573999999998,85.83325033333332
2017-03-03 18:00:00,174.01883,174.01883,543.69605,25.366888,990.5138300000001,505.1339716666667,0.07218510900000001,0.025655906000000003,222.61415,64.781167375
2017-03-03 19:00:00,130.95845,130.95845,856.54203,66.62878099999999,1347.2157,619.482499,0.0,0.0,2.8627757999999996,0.7211880666666667
2017-03-03 20:00:00,61.10816,61.10816,3255.7005,80.828126,4108.431299999999,1579.9438106666666,0.0,0.0,0.0,0.0
2017-03-03 21:00:00,68.86895,68.86895,2603.1993,4.5634288,4245.888,1607.4592986444445,0.0,0.0,0.0,0.0
2017-03-03 22:00:00,195.32801,195.32801,1519.3094,0.0,3156.3025,1391.348736322222,0.0,0.0,0.0,0.0
2017-03-03 23:00:00,91.47239,91.47239,189.31889999999999,0.0,776.5669700000001,306.52024797777773,570.12285,110.13449999999999,623.83676,462.56515888888885
2017-03-04 00:00:00,83.08355,83.08355,5.9753384,0.0,106.31583,29.35217594777778,0.0,0.0,0.0,0.0
2017-03-04 01:00:00,,73.91031493529952,3.5407791,0.0,20.753188,7.790599,0.0,0.0,0.0,0.0
2017-03-04 02:00:00,0.20639000000000002,0.20639000000000002,1.9484822999999998,0.0,8.0487707,3.285892502222222,0.0,0.0,0.0,0.0
2017-03-04 03:00:00,59.12066,59.12066,0.7603250100000001,0.0,6.192568400000001,2.0083538946333332,0.0,0.0,0.0,0.0
2017-03-04 04:00:00,51.814609999999995,51.814609999999995,0.20821049,0.0,2.8529366,0.8101077592222222,0.0,0.0,0.0,0.0
2017-03-04 05:00:00,150.31034,150.31034,0.062345229,0.0,1.4130842,0.3670247811522222,0.28391983,0.18467071000000002,875.1906600000001,214.45457246777778
2017-03-04 06:00:00,116.93306000000001,116.93306000000001,0.18267572,0.0,2.5770994,0.7519694948888888,0.044949505,0.013180689,0.057449732,0.036125180444444446
2017-03-04 07:00:00,32.467490000000005,32.467490000000005,0.18054715,0.0,2.2341444,0.5988713377777777,0.0,0.0,0.0,0.0
2017-03-04 08:00:00,79.9115,79.9115,0.2869466,0.0,2.5780585,0.7241360122222223,0.0,0.0,0.0,0.0
2017-03-04 09:00:00,71.61488,71.61488,0.50784308,0.0,2.915833,0.8302815131222221,0.0,0.0,0.0,0.0
2017-03-04 10:00:00,48.865159999999996,48.865159999999996,0.031870609,0.0,0.92643523,0.14351579340333337,0.0,0.0,0.0,0.0
2017-03-04 11:00:00,41.91527,41.91527,1.7033513999999998,0.11491124,3.0261483,1.474869972222222,1023.8924999999999,2.3031027,1313.625,522.5449780777777
2017-03-04 12:00:00,43.128440000000005,43.128440000000005,0.11533294,0.0033977012,2.2460896999999997,0.36852094934444446,1.7428747999999998,1.0255981,2.0452334999999997,1.5986135888888888
2017-03-04 13:00:00,41.39216,41.39216,3.0506317,0.11049846,5.9868662,2.98443377,0.0,0.0,0.0,0.0
2017-03-04 14:00:00,46.83473,46.83473,5.4437387,0.0074338748,11.870696,5.566779873866667,0.0,0.0,0.0,0.0
2017-03-04 15:00:00,55.392109999999995,55.392109999999995,23.20249,0.0045039408,66.73380300000001,28.94894102431111,0.0,0.0,0.0,0.0
2017-03-04 16:00:00,22.40756,22.40756,631.5296099999999,49.647813,1003.0739,480.4003114444444,4.9583268,0.0,323.33372,101.88585964444444
2017-03-04 17:00:00,59.246269999999996,59.246269999999996,847.76402,110.868,1191.712,574.3097677777779,103.78078,62.795007,116.84306,91.88312933333333
2017-03-04 18:00:00,126.74972,126.74972,905.2474599999999,140.57165,1216.5691000000002,594.9796922222222,0.30596982,0.098984344,21.557258,6.429884802666667
2017-03-04 19:00:00,28.174490000000002,28.174490000000002,932.92637,170.03934999999998,1204.2839000000001,601.5346877777778,0.0,0.0,0.12690049,0.03694173411111111
2017-03-04 20:00:00,3.25601,3.25601,3461.8725,141.65245,3944.2321,1584.3182722222223,0.0,0.0,0.0,0.0
2017-03-04 21:00:00,29.629340000000003,29.629340000000003,3447.4244,82.819824,4381.379599999999,1667.2372826666665,0.0,0.0,0.0,0.0
2017-03-04 22:00:00,126.59548999999998,126.59548999999998,3088.4125999999997,31.485088,4455.8193,1664.974642,0.0,0.0,0.0,0.0
2017-03-04 23:00:00,173.22701,173.22701,3438.1296,65.474072,4714.848,1750.863848,94.080518,0.0,373.69338999999997,153.9188145555555
2017-03-05 00:00:00,161.9555,161.9555,164.60551999999998,0.40143951,4009.116,845.9647546233334,0.047283784,0.010436385,0.081578861,0.04402769100000001
2017-03-05 01:00:00,77.00339,77.00339,9.0841313,0.0,1109.4591,221.05579081111114,0.0,0.0,0.0,0.0
2017-03-05 02:00:00,29.8265,29.8265,2.9236035,0.0,106.4098,24.493196166666664,0.0,0.0,0.0,0.0
2017-03-05 03:00:00,30.64217,30.64217,0.38625316,0.0,19.47963,4.126162195555556,0.0,0.0,0.0,0.0
2017-03-05 04:00:00,95.20411999999999,95.20411999999999,0.16842722999999998,0.0,8.0335185,1.659250851111111,0.0,0.0,0.0,0.0
2017-03-05 05:00:00,133.08905,133.08905,0.1180519,0.0,4.3677064,0.9121583333333333,37.998772,0.80381892,771.25977,235.89343375777779
2017-03-05 06:00:00,125.27738000000001,125.27738000000001,0.23045551,0.0,3.4989041000000003,0.8925613638888888,0.052736603,0.013728241,0.073418008,0.04414599722222221
2017-03-05 07:00:00,,65.27593864184468,0.41610234999999995,0.0,2.9284245,0.962448292888889,0.0,0.0,0.0,0.0
2017-03-05 08:00:00,11.75933,11.75933,0.85189163,0.0,2.9350292,1.2395737124444446,0.0,0.0,0.0,0.0
2017-03-05 09:00:00,55.92794,55.92794,0.056643703000000004,0.0,7.6899987,0.9166952631555555,0.0,0.0,0.0,0.0
2017-03-05 10:00:00,20.30399,20.30399,0.0,0.0,9.6184522,1.0687169111111112,0.0,0.0,0.0,0.0
2017-03-05 11:00:00,29.708840000000002,29.708840000000002,0.0,0.0,10.029052,1.1143391111111112,0.0,0.0,2568.9979,694.8531127155555
2017-03-05 12:00:00,18.80939,18.80939,0.0,0.0,1.1586237,0.15329589844444444,1.2274589,0.41882427,1.5020839,0.982632211111111
2017-03-05 13:00:00,4.61228,4.61228,1.0336737,0.0011803718,4.9938853000000005,1.8243985987333333,0.0,0.0,0.0,0.0
2017-03-05 14:00:00,,46.11087686507355,1.7455515000000001,0.0,13.402045,4.187292320566667,0.0,0.0,0.0,0.0
2017-03-05 15:00:00,,49.549155209767676,8.182743799999999,0.0,57.711324000000005,19.597579353111108,0.0,0.0,0.0,0.0
2017-03-05 16:00:00,24.65105,24.65105,425.1746,20.524072,733.6202,389.95240766666666,52.968939,0.0,239.66440999999998,89.78020542222221
2017-03-05 17:00:00,50.768390000000004,50.768390000000004,900.2026599999999,131.37823,1237.2633,602.17409,46.691774,32.527860000000004,55.222496,42.438908999999995
2017-03-05 18:00:00,150.06389,150.06389,1023.4341,233.77142,1162.8153,655.0156722222223,0.21692527,0.058688183,25.107478,8.023980856444446
2017-03-05 19:00:00,49.07345,49.07345,876.8554,80.58120100000001,1232.7289,633.9791212222221,0.0,0.0,0.22834065,0.06490754444444444
2017-03-05 20:00:00,29.71361,29.71361,1039.8212999999998,2.1610997000000003,2977.7566,1162.1975568555556,0.0,0.0,0.0,0.0
2017-03-05 21:00:00,25.08512,25.08512,2858.0958,0.0,3030.6294000000003,1557.1530466666668,0.0,0.0,0.0,0.0
2017-03-05 22:00:00,60.20345,60.20345,2538.2736,147.72534,2679.2067,1160.7229588888888,0.0,0.0,0.0,0.0
2017-03-05 23:00:00,105.5105,105.5105,209.96582999999998,3.1690031,299.8705,145.84778493333334,224.69539999999998,0.0,689.04291,297.06790545555555
2017-03-06 00:00:00,34.178329999999995,34.178329999999995,126.12113000000001,0.0,1063.2658,339.21551998966663,0.0041553827,0.00043393006,0.01413106,0.004957382083333333
2017-03-06 01:00:00,9.671660000000001,9.671660000000001,22.357547999999998,0.0,176.51738999999998,64.05520886666666,0.0,0.0,0.0,0.0
2017-03-06 02:00:00,10.04849,10.04849,49.534632,0.0,398.79645999999997,142.87150566666665,0.0,0.0,0.0,0.0
2017-03-06 03:00:00,38.20262,38.20262,16.615902,0.0,300.85375,97.84460515333333,0.0,0.0,0.0,0.0
2017-03-06 04:00:00,140.05166,140.05166,0.4522515,0.0,226.0208,50.803566277777776,0.0,0.0,0.0,0.0
2017-03-06 05:00:00,88.38461,88.38461,0.0,0.0,158.51896,27.781444311111112,17.331972999999998,0.0,65.96333,24.77903682222222
2017-03-06 06:00:00,78.24677,78.24677,0.0,0.0,139.30124,26.47598958888889,2.0291259,0.27076925,2.0498521,1.4646676722222223
2017-03-06 07:00:00,46.19873,46.19873,0.0,0.0,122.53850999999999,26.119843888888884,0.0,0.0,0.0,0.0
2017-03-06 08:00:00,77.24189,77.24189,2.0122823,0.0,105.96239,25.92618903333333,0.0,0.0,0.0,0.0
2017-03-06 09:00:00,110.12945,110.12945,0.053702827,0.0,101.42837,21.639160369666666,0.0,0.0,0.0,0.0
2017-03-06 10:00:00,49.96544,49.96544,0.0,0.0,97.001452,19.596352455555557,0.0,0.0,0.0,0.0
2017-03-06 11:00:00,17.5835,17.5835,0.0,0.0,90.641552,18.590804744444444,0.0,0.0,390.30640999999997,107.69179956666667
2017-03-06 12:00:00,,49.855431715170404,0.16608874999999998,0.0,4.2488214,1.2772284046666667,1.1741811999999998,0.55890189,1.3513061,0.9781514177777777
2017-03-06 13:00:00,,49.73729258800395,4.1830240000000005,1.2670112,4.261944,2.466224522222222,0.0,0.0,0.0,0.0
2017-03-06 14:00:00,,45.672121358777886,17.7113,2.0180885,21.574706,12.567855711111113,0.0,0.0,0.0,0.0
2017-03-06 15:00:00,1.7502799999999998,1.7502799999999998,83.6299,9.8012088,93.930801,52.291127977777776,0.0,0.0,0.0,0.0
2017-03-06 16:00:00,,45.158722415634514,671.1329900000001,161.62789,710.70797,425.5599955555556,11.640875000000001,0.0,96.866446,33.818532499999996
2017-03-06 17:00:00,,49.408816004704384,882.71225,82.410057,1221.6271,634.7723174444444,45.735054000000005,17.375765,68.731082,42.06411944444445
2017-03-06 18:00:00,,50.07923027548261,749.4040799999999,34.597546,1480.299,646.3780417777776,0.10232178,0.019850654,0.27427895999999996,0.11242645655555555
2017-03-06 19:00:00,6.90188,6.90188,499.59158,2.0407904,1465.571,572.1821360444444,0.0,0.0,0.0,0.0
2017-03-06 20:00:00,135.09722,135.09722,282.9232,0.0,1564.3212999999998,559.9367365777778,0.0,0.0,0.0,0.0
2017-03-06 21:00:00,82.26788,82.26788,1881.5758,0.0,3638.6214,1510.6574866666665,0.0,0.0,0.0,0.0
2017-03-06 22:00:00,4.79672,4.79672,1288.1882999999998,73.52333300000001,1288.1882999999998,629.5390003333333,0.0,0.0,0.0,0.0
2017-03-06 23:00:00,27.84695,27.84695,127.49007,1.4145493,242.96604000000002,103.8753822,11.150643,0.0,391.029,107.21372922222223
2017-03-07 00:00:00,25.91033,25.91033,140.13397,0.0,1004.3815999999999,373.52118634000004,0.0,0.0,0.0,0.0
2017-03-07 01:00:00,14.78033,14.78033,106.90723,0.0,709.3999299999999,258.019028,0.0,0.0,0.0,0.0
2017-03-07 02:00:00,21.09422,21.09422,46.320798,0.0,332.24595,114.712609,0.0,0.0,0.0,0.0
2017-03-07 03:00:00,63.46771999999999,63.46771999999999,21.141792,0.0,249.0989,82.18721694444444,0.0,0.0,0.0,0.0
2017-03-07 04:00:00,18.39599,18.39599,8.8530523,0.0,200.68066,62.74346806377778,0.0,0.0,0.0,0.0
2017-03-07 05:00:00,167.42033,167.42033,3.8999192,0.0,177.23226,48.638010022222225,1.7662785,0.46045392,58.553949,14.754240402222223
2017-03-07 06:00:00,123.59038999999999,123.59038999999999,0.063885224,0.0,158.59382,33.83842858044444,0.021952895,0.0016765559,0.058451355999999996,0.023237486977777777
2017-03-07 07:00:00,96.12473,96.12473,0.0,0.0,135.73882,24.198881266666667,0.0,0.0,0.0,0.0
2017-03-07 08:00:00,76.90321999999999,76.90321999999999,0.0,0.0,108.39238,17.1678501,0.0,0.0,0.0,0.0
2017-03-07 09:00:00,18.935,18.935,0.0,0.0,107.87272999999999,25.446879555555554,0.0,0.0,0.0,0.0
2017-03-07 10:00:00,8.282,8.282,10.136955,0.0,98.469762,33.65694414444445,0.0,0.0,0.0,0.0
2017-03-07 11:00:00,,53.39691752957359,34.319452,0.0,102.69453,36.05283022222222,0.0,0.0,77.21059199999999,25.387888666666665
2017-03-07 12:00:00,,59.37054011174963,3.2387254,0.042706034000000004,6.2355320999999995,2.389717077111111,1.1914944,0.6476041100000001,1.5429289000000002,1.1422834455555555
2017-03-07 13:00:00,,61.40291387517299,3.6926172,0.29831492,4.47506,2.00542324,0.0,0.0,0.0,0.0
2017-03-07 14:00:00,,63.14319148373423,18.574306999999997,3.2605706,19.549159,11.650707855555556,0.0,0.0,0.0,0.0
2017-03-07 15:00:00,,64.47923493605562,44.643381000000005,3.6488435999999997,51.490493,28.445917444444447,0.0,0.0,0.0,0.0
2017-03-07 16:00:00,,65.2678760049984,279.5422,21.771133,319.7068,208.84865533333334,0.0,0.0,0.0,0.0
2017-03-07 17:00:00,,65.92234848569086,448.48848000000004,1.24362,1322.1471999999999,513.3818227777779,24.181498,3.5126692999999998,57.542525999999995,27.9618578
2017-03-07 18:00:00,,66.78831237474117,454.60169,0.0,1430.6071,548.957438888889,0.021801573999999997,0.0020673168,0.069280581,0.024943710511111113
2017-03-07 19:00:00,,66.60310053670186,418.60339,0.0,1393.4941999999999,530.7598328888888,0.0,0.0,0.0,0.0
2017-03-07 20:00:00,,66.6645374634421,486.08167000000003,0.0,2568.7129,973.3948744222222,0.0,0.0,0.0,0.0
2017-03-07 21:00:00,,64.5420874200783,2129.9473000000003,0.0,3720.3454,1555.0212446666667,0.0,0.0,0.0,0.0
2017-03-07 22:00:00,8.45372,8.45372,3693.8206999999998,144.52334,3693.8206999999998,1650.2337777777777,0.0,0.0,0.0,0.0
2017-03-07 23:00:00,135.11312,135.11312,3019.2698,13.299747,4634.0226999999995,1722.6425218888887,0.0,0.0,139.11932,27.43913411111111
2017-03-08 00:00:00,97.64795,97.64795,1729.2839,3.7406967,2666.4193999999998,1051.7364519666667,0.0,0.0,1.8690687999999998e-05,2.076743111111111e-06
2017-03-08 01:00:00,97.62250999999999,97.62250999999999,175.85712,2.7599424,280.23508,106.29322011111111,0.0,0.0,0.0,0.0
2017-03-08 02:00:00,89.89034000000001,89.89034000000001,8.1940934,0.74635506,8.3547475,4.487359973333334,0.0,0.0,0.0,0.0
2017-03-08 03:00:00,142.93433000000002,142.93433000000002,5.4922948,0.94838981,5.497991,3.0663801855555555,0.0,0.0,0.0,0.0
2017-03-08 04:00:00,91.80311,91.80311,4.7145645,0.60369905,4.9557425,2.7825608611111114,0.0,0.0,0.0,0.0
2017-03-08 05:00:00,34.529720000000005,34.529720000000005,3.8676149000000004,0.40529102,4.3478844,2.4639540444444443,62.625265999999996,0.65089682,71.06723199999999,30.097886268888892
2017-03-08 06:00:00,54.47945,54.47945,3.2098270999999996,0.32556574,3.7449472,2.1988081888888886,1.826514,0.023293188,2.6310213,1.3769652597777775
2017-03-08 07:00:00,50.68094,50.68094,2.5931636,0.26242122,3.7693087,1.9847044000000003,0.0,0.0,0.0,0.0
2017-03-08 08:00:00,72.10778,72.10778,2.1047383,0.20841625000000003,3.3796955000000004,1.732100596666667,0.0,0.0,0.0,0.0
2017-03-08 09:00:00,91.13372,91.13372,1.8866363,0.14656707,3.4698442,1.6917246955555554,0.0,0.0,0.0,0.0
2017-03-08 10:00:00,55.43026999999999,55.43026999999999,1.6706367,0.1001149,3.5074331,1.6488924633333333,0.0,0.0,0.0,0.0
2017-03-08 11:00:00,49.145,49.145,1.6321516999999999,0.07071368900000001,4.1101066,1.7808968043333333,0.0,0.0,2.319224,0.25769155555555556
2017-03-08 12:00:00,50.932159999999996,50.932159999999996,1.5475160000000001,0.0039669441,4.1760817999999995,1.9492943749,4.1154935,2.3490650000000004,4.7759722,3.7846825555555554
2017-03-08 13:00:00,12.28562,12.28562,1.4039414000000001,0.0,7.3963929,2.633646485888889,0.0,0.0,0.0,0.0
2017-03-08 14:00:00,49.33739,49.33739,2.6705884,0.0,17.590304,5.85262949,0.0,0.0,0.0,0.0
2017-03-08 15:00:00,42.50516,42.50516,3.0185204,0.0,69.766691,17.39335112177778,0.0,0.0,0.0,0.0
2017-03-08 16:00:00,75.43406,75.43406,163.29686,0.0,860.35865,274.06416637611113,309.20716,0.0,1523.8272,543.135608
2017-03-08 17:00:00,6.26588,6.26588,240.10561,0.0,1059.3119,362.2690139333333,109.5839,63.789506,155.78521,103.86307122222223
2017-03-08 18:00:00,139.76705,139.76705,359.49983,4.1071476,1075.3372000000002,437.74220217777776,0.086168519,0.038612381,98.766388,23.59552884388889
2017-03-08 19:00:00,119.96201,119.96201,492.70183,18.686638,988.12475,496.74905244444443,0.0,0.0,0.90890342,0.15450447444444446
2017-03-08 20:00:00,94.301,94.301,1348.8234,0.59825129,2869.7748,1358.9434054877777,0.0,0.0,0.0,0.0
2017-03-08 21:00:00,75.58511,75.58511,423.75007999999997,0.0,3658.3028,1230.877551933333,0.0,0.0,0.0,0.0
2017-03-08 22:00:00,100.15856,100.15856,35.107532000000006,0.0,1434.219,321.66499271111115,0.0,0.0,0.0,0.0
2017-03-08 23:00:00,85.28411,85.28411,0.19516051,0.0,134.12995,23.297432367777777,382.76243,3.5396456,650.89396,327.3543287333333
2017-03-09 00:00:00,15.14444,15.14444,0.0,0.0,28.081622,3.8804441157777783,0.0,0.0,0.0,0.0
2017-03-09 01:00:00,44.48312,44.48312,0.0,0.0,11.136429,1.8359720499999999,0.0,0.0,0.0,0.0
2017-03-09 02:00:00,,48.2070915599883,0.0,0.0,5.5621758,1.050109108888889,0.0,0.0,0.0,0.0
2017-03-09 03:00:00,,42.450362567506616,0.06750421,0.0,4.607261,0.9104975977777777,0.0,0.0,0.0,0.0
2017-03-09 04:00:00,1.53722,1.53722,0.07490533,0.0,4.0295567000000005,0.8158961622222223,0.0,0.0,0.0,0.0
2017-03-09 05:00:00,24.22334,24.22334,0.090725663,0.0,3.521252,0.7183617792222221,2.7720171000000002,0.0,196.57495,58.47705601111112
2017-03-09 06:00:00,23.59688,23.59688,0.16652899000000002,0.0,3.1329700999999996,0.7774162515555556,3.0275455,1.0721204,3.2579601,2.4098919333333333
2017-03-09 07:00:00,35.96549,35.96549,0.26478142,0.0,2.8888307,0.8956520522222221,0.0,0.0,0.0,0.0
2017-03-09 08:00:00,5.08451,5.08451,0.38655693,0.0,3.0724943,0.9633556822222222,0.0,0.0,0.0,0.0
2017-03-09 09:00:00,3.15584,3.15584,0.41249302,0.0,2.9824259,0.9453203098888889,0.0,0.0,0.0,0.0
2017-03-09 10:00:00,52.776559999999996,52.776559999999996,0.42202964,0.0,2.8294583,0.9098447475555554,0.0,0.0,0.0,0.0
2017-03-09 11:00:00,31.831490000000002,31.831490000000002,0.4198707,0.0,2.6756359,0.8657889740000001,0.0,0.0,0.0,0.0
2017-03-09 12:00:00,45.22883,45.22883,0.27924267,0.0,1.90047,0.5967578696944444,6.2314784,1.8939517,7.790045899999999,4.741675077777778
2017-03-09 13:00:00,32.09861,32.09861,0.39669888000000003,0.0,5.5430801,1.4044673908111112,0.0,0.0,0.0,0.0
2017-03-09 14:00:00,19.41995,19.41995,1.0329913000000002,0.0,15.697355,4.112620124444444,0.0,0.0,0.0,0.0
2017-03-09 15:00:00,4.67111,4.67111,2.211641,0.0,56.61097,13.555876138555554,0.0,0.0,0.0,0.0
2017-03-09 16:00:00,37.542770000000004,37.542770000000004,161.30880000000002,0.0,778.75837,259.3078591051111,137.57007,0.0,1125.4771,402.2782186333333
2017-03-09 17:00:00,19.28639,19.28639,360.91876,4.0720920000000005,1111.8836999999999,446.6578252222222,106.24009000000001,66.166438,146.99539000000001,99.46559955555556
2017-03-09 18:00:00,29.86784,29.86784,717.86495,42.079544000000006,1221.7486999999999,604.6877247777778,0.083607318,0.033742467,89.868066,24.293736140999997
2017-03-09 19:00:00,34.701440000000005,34.701440000000005,1091.1595,176.67716,1442.5471,716.9394777777778,0.0,0.0,1.1024558,0.23777092777777778
2017-03-09 20:00:00,24.767120000000002,24.767120000000002,1138.5552,155.79841,1294.3564999999999,765.1935922222223,0.0,0.0,0.0,0.0
2017-03-09 21:00:00,118.8665,118.8665,2888.3709999999996,99.430035,3889.1386,1594.8492883333336,0.0,0.0,0.0,0.0
2017-03-09 22:00:00,145.06333999999998,145.06333999999998,426.29053,1.0076445,1052.5485999999999,474.47848711111106,0.0,0.0,0.0,0.0
2017-03-09 23:00:00,104.97148999999999,104.97148999999999,8.4003959,0.0,149.97426000000002,41.24740178888889,808.86181,69.686525,896.79606,607.4713316666666
2017-03-10 00:00:00,83.55578,83.55578,0.072602688,0.0,703.77631,96.10466247644445,0.025112620999999998,0.0059233267,0.050595027,0.025159207188888887
2017-03-10 01:00:00,93.03376999999999,93.03376999999999,0.0,0.0,475.25857,79.17424655555556,0.0,0.0,0.0,0.0
2017-03-10 02:00:00,154.66693999999998,154.66693999999998,0.0,0.0,249.52929,55.84953755555556,0.0,0.0,0.0,0.0
2017-03-10 03:00:00,43.40033,43.40033,10.95245,0.0,180.53433,59.49607055555556,0.0,0.0,0.0,0.0
2017-03-10 04:00:00,14.893220000000001,14.893220000000001,23.282619,0.0,162.67836,58.91370464444445,0.0,0.0,0.0,0.0
2017-03-10 05:00:00,84.85322,84.85322,41.438459,0.0,157.85340000000002,57.06952588888888,7.3931719,0.0,65.799999,22.870060344444443
2017-03-10 06:00:00,96.93245,96.93245,21.121718,0.0,134.21504000000002,45.15564707777778,2.3280475,0.5574014500000001,2.7316968999999998,1.920884072222222
2017-03-10 07:00:00,83.47628,83.47628,13.663393,0.0,114.35723,40.74975341111111,0.0,0.0,0.0,0.0
2017-03-10 08:00:00,42.26189,42.26189,11.149523,0.0,121.06737,41.95004214444444,0.0,0.0,0.0,0.0
2017-03-10 09:00:00,25.95962,25.95962,16.025546,0.0,110.05664,39.110248355555555,0.0,0.0,0.0,0.0
2017-03-10 10:00:00,8.32334,8.32334,4.0754658,0.79027996,12.046261999999999,4.67765284,0.0,0.0,0.0,0.0
2017-03-10 11:00:00,,41.75841832456929,2.3318667,0.6959971899999999,2.3318667,1.5039251177777775,0.0,0.0,42.769589,7.7304171
2017-03-10 12:00:00,,44.301661133840796,0.077636507,0.017444941,0.11445221,0.05503278633333333,1.0111494,0.5125817800000001,1.612727,1.0416956166666667
2017-03-10 13:00:00,,44.623691459251596,4.251301600000001,0.49832568000000005,4.683176,2.5554384199999998,0.0,0.0,0.0,0.0
2017-03-10 14:00:00,,43.95657454692005,14.38171,2.2285858,15.880167,9.340709777777777,0.0,0.0,0.0,0.0
2017-03-10 15:00:00,,43.222423640078034,70.561102,6.8295535,71.776165,37.63467027777777,0.0,0.0,0.0,0.0
2017-03-10 16:00:00,,42.16545755110364,862.26716,108.02272,1040.3473,587.453351111111,0.0,0.0,16.149021,5.003663111111112
2017-03-10 17:00:00,,40.0625397399229,757.37416,44.749115,1361.4841000000001,618.8426527777779,31.730901999999997,8.289724999999999,57.710837,31.36536011111111
2017-03-10 18:00:00,9.99284,9.99284,895.71055,79.304016,1278.5393000000001,653.0096395555556,0.054193187,0.0055183986,0.20213174,0.06851254006666668
2017-03-10 19:00:00,108.77,108.77,1014.0699999999999,150.99488,1101.5777999999998,674.4651666666666,0.0,0.0,0.0,0.0
2017-03-10 20:00:00,6.55049,6.55049,2266.0261,233.05303,2266.0261,1204.3509211111113,0.0,0.0,0.0,0.0
2017-03-10 21:00:00,44.71049,44.71049,3175.3141,62.153696,4272.3059,1637.1443762222223,0.0,0.0,0.0,0.0
2017-03-10 22:00:00,24.29012,24.29012,2068.632,0.9778239000000001,3927.4343000000003,1643.177106622222,0.0,0.0,0.0,0.0
2017-03-10 23:00:00,44.1365,44.1365,1428.4641,0.0,3744.0516000000002,1663.785329066667,82.79131699999999,0.0,643.48406,233.63469008888887
2017-03-11 00:00:00,55.65923000000001,55.65923000000001,4316.9130000000005,0.0,7590.4964,2298.9421014444442,0.0054125917,0.00055137528,0.01329107,0.0053447714333333335
2017-03-11 01:00:00,8.725610000000001,8.725610000000001,968.75016,16.108503000000002,1102.2685999999999,440.2759977777778,0.0,0.0,0.0,0.0
2017-03-11 02:00:00,19.73795,19.73795,31.693296,0.62841326,45.979505,18.342469951111113,0.0,0.0,0.0,0.0
2017-03-11 03:00:00,15.02201,15.02201,5.9640856,0.085225686,10.898897,4.877439405111111,0.0,0.0,0.0,0.0
2017-03-11 04:00:00,29.85512,29.85512,4.0011241,0.31871591000000005,5.640255000000001,2.9828414744444447,0.0,0.0,0.0,0.0
2017-03-11 05:00:00,,27.410049560746643,2.7489315999999997,0.36628433,3.2569762,1.9825857633333333,50.924012999999995,0.0,50.924012999999995,22.886069811111113
2017-03-11 06:00:00,2.5325599999999997,2.5325599999999997,1.9697477,0.035482801999999994,121.81318,27.610519588333336,0.6125206900000001,0.0,2.17151,0.8215638527777778
2017-03-11 07:00:00,,28.63703570291145,0.058355226,0.0,115.96641,23.275238713999997,0.0,0.0,0.0,0.0
2017-03-11 08:00:00,46.00634,46.00634,0.0,0.0,95.141419,16.152283122222222,0.0,0.0,0.0,0.0
2017-03-11 09:00:00,21.45833,21.45833,0.0,0.0,98.305551,18.287223977777778,0.0,0.0,0.0,0.0
2017-03-11 10:00:00,10.662230000000001,10.662230000000001,0.0,0.0,99.958626,20.393806355555554,0.0,0.0,0.0,0.0
2017-03-11 11:00:00,,27.72346816554099,0.0,0.0,96.613461,22.43909411111111,0.0,0.0,97.070537,13.402195566666668
2017-03-11 12:00:00,,29.87933926985508,0.53446388,0.0,5.2961768,1.8408274833333331,6.5082058,2.6831183000000003,13.066749,7.176470299999999
2017-03-11 13:00:00,,30.649349436102096,2.7618441,0.13576128,5.3861868,2.0019189522222223,0.0,0.0,0.0,0.0
2017-03-11 14:00:00,,31.163148712694973,29.52238,1.1451862,54.14019,27.0484701,0.0,0.0,0.0,0.0
2017-03-11 15:00:00,,30.617954724690076,221.3602,5.5942924000000005,368.36523,185.75141904444445,0.0,0.0,0.0,0.0
2017-03-11 16:00:00,,29.653488725299177,992.72176,156.22625000000002,1320.6261,650.6918633333333,0.0,0.0,0.0,0.0
2017-03-11 17:00:00,,27.08736686187003,1203.7206999999999,258.85087000000004,1333.5753,771.0031422222222,88.06418900000001,2.3263211999999998,253.2184,115.9195286888889
2017-03-11 18:00:00,,22.258818495568047,793.61442,260.57867,910.1864999999999,554.1201444444445,0.043796067,0.009519205,0.083534886,0.041188191222222226
2017-03-11 19:00:00,3.13994,3.13994,719.54151,181.57926,902.03574,526.2850099999999,0.0,0.0,0.0,0.0
2017-03-11 20:00:00,,20.889092382493796,891.2072499999999,109.04726000000001,1325.3220000000001,680.0239822222223,0.0,0.0,0.0,0.0
2017-03-11 21:00:00,,23.433597220063056,1624.0576999999998,81.111997,2555.6854,1110.2746929999998,0.0,0.0,0.0,0.0
2017-03-11 22:00:00,,23.540964572413092,1408.9616,122.20585,2122.9475,962.3090266666667,0.0,0.0,0.0,0.0
2017-03-11 23:00:00,,22.3348820541544,3673.4319,94.733339,4683.8508,1815.8907754444444,0.0,0.0,19.750798,3.404981444444444
2017-03-12 00:00:00,,19.848106308190562,6352.6151,21.380956,7031.1013,2378.028807666667,0.025436384,0.0040016856,0.064112442,0.026968750677777778
2017-03-12 01:00:00,4.650440000000001,4.650440000000001,1023.1540999999999,0.0,1467.6271,511.1456645555555,0.0,0.0,0.0,0.0
2017-03-12 02:00:00,,19.53456955832082,117.836,0.0,388.71082,121.39538644444444,0.0,0.0,0.0,0.0
2017-03-12 03:00:00,,20.228292584274673,53.704693999999996,0.0,272.22413,86.85070788888889,0.0,0.0,0.0,0.0
2017-03-12 04:00:00,,19.504144079607602,24.866327,0.0,195.23072000000002,69.12156135555557,0.0,0.0,0.0,0.0
2017-03-12 05:00:00,8.94662,8.94662,16.042917,0.0,175.95736,58.78977307777778,7.9891860999999995,0.0,59.833157,20.117490177777782
2017-03-12 06:00:00,27.07262,27.07262,11.427227,0.0,150.53499,49.10016977777778,0.049203678,0.0,1.7055752,0.40281060333333335
2017-03-12 07:00:00,3.12245,3.12245,12.401316999999999,0.0,131.64785999999998,44.16868233333334,0.0,0.0,0.0,0.0
2017-03-12 08:00:00,4.04306,4.04306,13.436663,0.0,116.56384999999999,40.354205300000004,0.0,0.0,0.0,0.0
2017-03-12 09:00:00,,21.493163030873443,18.411412000000002,0.0,109.03805,39.75324750000001,0.0,0.0,0.0,0.0
2017-03-12 10:00:00,38.67962,38.67962,25.536749999999998,0.0,114.55343,39.44215925555555,0.0,0.0,0.0,0.0
2017-03-12 11:00:00,27.579829999999998,27.579829999999998,38.137139,0.0,111.86623,39.06800139497778,23.917188,0.0,75.357842,25.146751944444443
2017-03-12 12:00:00,,23.640709681562097,4.4976091,0.09618320000000001,7.7281411,3.0690680155555556,2.9728808,0.080421827,8.5790098,3.3344379641111113
2017-03-12 13:00:00,,21.042189913283824,0.0,0.0,0.0,0.0,0.0,0.0,0.0,0.0
2017-03-12 14:00:00,5.62511,5.62511,0.0,0.0,0.0,0.0,0.0,0.0,0.0,0.0
2017-03-12 15:00:00,,19.150285146244855,124.39897,13.088955,150.67158,92.28324677777778,0.0,0.0,0.0,0.0
2017-03-12 16:00:00,2.49122,2.49122,454.33894000000004,45.176032000000006,845.87565,414.20129911111115,0.0,0.0,3.9193686999999997,0.7633096833333333
2017-03-12 17:00:00,,23.869552469969367,443.22072000000003,32.044067,972.9843,453.946939,29.873027,7.5783346,51.926443,28.7164894
2017-03-12 18:00:00,,29.25779467119529,202.76019,11.926340000000001,598.74414,254.5066383333334,0.34602563999999997,0.044134260999999994,1.7404774,0.5010783234444445
2017-03-12 19:00:00,33.33245,33.33245,83.4538,0.7454888199999999,307.86425,129.00586201333334,0.0,0.0,0.0,0.0
2017-03-12 20:00:00,66.01966999999999,66.01966999999999,6.145955000000001,0.0,180.36121,55.075298610000004,0.0,0.0,0.0,0.0
2017-03-12 21:00:00,,37.692557323673185,26.629880999999997,0.0,526.72793,159.00077144444447,0.0,0.0,0.0,0.0
2017-03-12 22:00:00,,35.331496890434416,173.25078000000002,0.0,1113.0058000000001,416.54260733333336,0.0,0.0,0.0,0.0
2017-03-12 23:00:00,,36.50618410625258,184.52875,0.0,3487.2713,1125.5594104155555,19.79282,0.0,671.3627399999999,183.53704133333335
2017-03-13 00:00:00,,39.441401556665696,5191.9682999999995,0.0,7747.7348999999995,3149.608914444444,0.026895123,0.0040700269999999995,0.067196432,0.02835609777777778
2017-03-13 01:00:00,,46.73557444533051,4397.585499999999,0.0,6747.6230000000005,2478.486886666667,0.0,0.0,0.0,0.0
2017-03-13 02:00:00,97.27112,97.27112,1352.8459,0.0,1827.7888,589.7448083333334,0.0,0.0,0.0,0.0
2017-03-13 03:00:00,55.16633,55.16633,203.61929,0.0,378.22989,152.08322092222224,0.0,0.0,0.0,0.0
2017-03-13 04:00:00,,40.12452493793151,35.747191,0.0,286.97669,97.07803592666667,0.0,0.0,0.0,0.0
2017-03-13 05:00:00,,35.34176267330031,3.4825509,0.0,294.18305999999995,72.3083466811111,0.0,0.0,10.863679999999999,2.3770554444444443
2017-03-13 06:00:00,34.05272,34.05272,27.578239,0.0,171.24349,60.18661396666667,0.0,0.0,0.083260474,0.016836867444444445
2017-03-13 07:00:00,,31.94236663130569,72.523566,0.0,108.90053,42.81503693888889,0.0,0.0,0.0,0.0
2017-03-13 08:00:00,24.4205,24.4205,89.37376,0.019482407,101.05628,37.130623845222225,0.0,0.0,0.0,0.0
2017-03-13 09:00:00,80.02439,80.02439,85.105297,0.9715705600000001,87.92739399999999,34.955378428888885,0.0,0.0,0.0,0.0
2017-03-13 10:00:00,9.05633,9.05633,77.985707,0.76892667,77.985707,31.08527881888889,0.0,0.0,0.0,0.0
2017-03-13 11:00:00,12.86438,12.86438,72.360934,1.1032514,72.360934,28.478511877777773,62.03110399999999,0.0,80.41695399999999,29.26088407777777
2017-03-13 12:00:00,12.55751,12.55751,4.515588,0.12226226,4.515588,1.963662818888889,2.3818777,0.012624206,8.1680901,2.873479039555556
2017-03-13 13:00:00,0.92984,0.92984,0.0,0.0,0.0,0.0,0.0,0.0,0.0,0.0
2017-03-13 14:00:00,3.512,3.512,0.0,0.0,0.0,0.0,0.0,0.0,0.0,0.0
2017-03-13 15:00:00,,19.827948016361695,162.96377999999999,36.393158,192.09171,128.98570377777776,0.0,0.0,0.0,0.0
2017-03-13 16:00:00,,23.28156901190665,427.04842,178.51301999999998,556.2469,342.6744644444445,0.0,0.0,3.7060956000000003,0.8547445
2017-03-13 17:00:00,,25.68744802070847,760.14962,159.67761,978.68755,585.5604288888889,26.174686,9.639531499999999,34.807537,23.990884277777777
2017-03-13 18:00:00,,29.06417421698214,297.11874,30.318206,716.35604,312.1828213333333,0.0,0.0,0.0,0.0
2017-03-13 19:00:00,48.16238,48.16238,90.36636,1.4678266,325.00381,133.8467945111111,0.0,0.0,0.0,0.0
2017-03-13 20:00:00,31.93484,31.93484,4.0577102,0.0,119.75923,33.13419815888889,0.0,0.0,0.0,0.0
2017-03-13 21:00:00,,27.72211093709778,60.681177,0.0,1055.7096,351.27615744444444,0.0,0.0,0.0,0.0
2017-03-13 22:00:00,,26.08954917247864,1213.1777,0.0,2983.4632,1270.5316225555557,0.0,0.0,0.0,0.0
2017-03-13 23:00:00,,25.042032357718973,4029.4909999999995,107.04171000000001,4029.4909999999995,1834.4480411111113,0.0,0.0,25.657642000000003,4.009305444444445
2017-03-14 00:00:00,,24.096672277154756,3750.0507,2.6029581,9199.857699999999,3167.978892344445,0.043136716,0.010354901000000001,0.090390863,0.04385624955555555
2017-03-14 01:00:00,,22.539341507556937,9072.7946,0.0,9072.7946,3266.580413333334,0.0,0.0,0.0,0.0
2017-03-14 02:00:00,5.17355,5.17355,3056.0365,0.0,3056.0365,1065.9817114444443,0.0,0.0,0.0,0.0
2017-03-14 03:00:00,52.668440000000004,52.668440000000004,680.27707,0.0,736.97272,241.2777941111111,0.0,0.0,0.0,0.0
2017-03-14 04:00:00,,25.315340661729394,311.521,0.0,367.42509,122.72350160000002,0.0,0.0,0.0,0.0
2017-03-14 05:00:00,,20.947051078788714,296.10062,0.0,390.01979,110.22239893333334,0.6863160100000001,0.0,38.352511,9.504154145555555
2017-03-14 06:00:00,4.0351099999999995,4.0351099999999995,174.26698,0.0,174.26698,62.97154300999999,0.0026961489,0.0,0.6002341,0.1266468456
2017-03-14 07:00:00,15.947389999999999,15.947389999999999,63.660802000000004,0.0,144.14947,49.301447441111115,0.0,0.0,0.0,0.0
2017-03-14 08:00:00,17.73455,17.73455,22.132373,0.0,117.59889,38.52306367777778,0.0,0.0,0.0,0.0
2017-03-14 09:00:00,33.742670000000004,33.742670000000004,20.958734,0.0,96.354459,31.583302855555555,0.0,0.0,0.0,0.0
2017-03-14 10:00:00,15.9935,15.9935,16.896252,0.0,82.83225200000001,27.493809133333336,0.0,0.0,0.0,0.0
2017-03-14 11:00:00,18.617,18.617,12.927326,0.0,72.94171499999999,25.052510066666667,0.0,0.0,62.439307,10.68255042222222
2017-03-14 12:00:00,0.491,0.491,1.1217278,0.0,5.5458172,1.85767286,6.6896646,1.6806431,12.096031,6.565444166666667
2017-03-14 13:00:00,,17.485113905476574,0.0,0.0,0.0,0.0,0.0,0.0,0.0,0.0
2017-03-14 14:00:00,10.059619999999999,10.059619999999999,0.0,0.0,0.0,0.0,0.0,0.0,0.0,0.0
2017-03-14 15:00:00,21.41699,21.41699,149.16527,40.451385,179.38419,125.04640700000002,0.0,0.0,0.0,0.0
2017-03-14 16:00:00,7.63805,7.63805,383.39596,132.54253,516.78153,313.7415188888889,0.0,0.0,5.4395027,1.4640465111111112
2017-03-14 17:00:00,,21.60683489566093,458.29159000000004,212.70665000000002,561.74345,372.9892233333333,24.223686,8.440819300000001,35.323781,22.532413811111113
2017-03-14 18:00:00,,24.762653320090322,363.88806999999997,85.57768899999999,643.4569399999999,331.2001143333334,3.7449115,1.1885278,6.117001699999999,3.6046676222222223
2017-03-14 19:00:00,,27.96485513960649,182.28637,53.473173,247.88975,160.3974618888889,0.0,0.0,0.0,0.0
2017-03-14 20:00:00,,32.29422652287009,55.046654,4.785726599999999,208.87253,89.33493505555556,0.0,0.0,0.0,0.0
2017-03-14 21:00:00,37.061,37.061,56.247372000000006,0.0,714.58879,228.0793606777778,0.0,0.0,0.0,0.0
2017-03-14 22:00:00,100.59899,100.59899,231.20626000000001,0.0,1287.2067,490.39170899999993,0.0,0.0,0.0,0.0
2017-03-14 23:00:00,57.07433,57.07433,96.49991999999999,0.0,3151.4219,911.7435258999999,0.0,0.0,0.0,0.0
2017-03-15 00:00:00,,32.11128514070801,0.28815109,0.0,295.75962,59.99744566555556,0.0,0.0,0.0,0.0
2017-03-15 01:00:00,,23.859636051647648,438.44268999999997,0.0,1421.8208,580.8056955555554,0.0,0.0,0.0,0.0
2017-03-15 02:00:00,9.515839999999999,9.515839999999999,997.9765199999999,23.112705000000002,1865.2630000000001,642.0581305555555,0.0,0.0,0.0,0.0
2017-03-15 03:00:00,7.04339,7.04339,510.65691999999996,0.0,1953.1394000000003,594.8068122222222,0.0,0.0,0.0,0.0
2017-03-15 04:00:00,7.617380000000001,7.617380000000001,155.50287,0.0,1636.8371,517.7531484444445,0.0,0.0,0.0,0.0
2017-03-15 05:00:00,5.8922300000000005,5.8922300000000005,24.911144999999998,0.0,1469.4961,411.9128766833334,38.081798,0.0,56.869892,24.16941696666667
2017-03-15 06:00:00,3.62489,3.62489,0.0,0.0,691.34129,92.50395891111111,1.0162247,0.043269861,1.4195891,0.8083154556666666
2017-03-15 07:00:00,,15.702784901256054,0.0,0.0,14.779594,1.688176271111111,0.0,0.0,0.0,0.0
2017-03-15 08:00:00,,17.443168718500477,0.0,0.0,0.0,0.0,0.0,0.0,0.0,0.0
2017-03-15 09:00:00,,18.06386824837606,0.0,0.0,0.0,0.0,0.0,0.0,0.0,0.0
2017-03-15 10:00:00,,17.16576075123399,0.0,0.0,0.0,0.0,0.0,0.0,0.0,0.0
2017-03-15 11:00:00,3.65351,3.65351,0.0,0.0,0.0,0.0,0.0,0.0,0.0,0.0
2017-03-15 12:00:00,,17.525266836124533,0.0,0.0,0.055571952,0.006174661333333334,7.2746038,2.0976606,9.3479466,5.522977088888889
2017-03-15 13:00:00,16.57067,16.57067,0.0,0.0,0.0,0.0,0.0,0.0,0.0,0.0
2017-03-15 14:00:00,15.41156,15.41156,1.1843297,0.0,20.440302,4.778426252222222,0.0,0.0,0.0,0.0
2017-03-15 15:00:00,,20.296781669348334,25.797453,0.0,643.6713199999999,134.87028275124442,0.0,0.0,0.0,0.0
2017-03-15 16:00:00,,21.71741586869639,205.7336,8.2389643,771.6387,277.5271477,1.0192426,0.0,38.512771,12.19015221111111
2017-03-15 17:00:00,,22.764590343956034,548.7703600000001,29.216622,994.97417,525.5147434444444,35.172212,22.264781,39.956558,31.354772
2017-03-15 18:00:00,,23.865399853788556,661.8700600000001,42.673983,1114.853,584.8646414444445,0.18019838000000002,0.042555623,5.9203949,1.9431670246666666
2017-03-15 19:00:00,,26.14718047958118,762.86937,63.358901,1216.1667,626.8181945555556,0.0,0.0,0.053977061,0.014436766222222223
2017-03-15 20:00:00,46.04927,46.04927,1456.8483,59.3041,2545.0131,1075.231988888889,0.0,0.0,0.0,0.0
2017-03-15 21:00:00,3.9095,3.9095,2315.4784,5.9708395,3940.6852000000003,1694.5635225,0.0,0.0,0.0,0.0
2017-03-15 22:00:00,,20.876298807418305,2487.7968,0.0,4138.155400000001,1775.1365025555558,0.0,0.0,0.0,0.0
2017-03-15 23:00:00,10.45712,10.45712,764.5021,3.0072629,1593.2784,739.4231132111112,590.6166,0.0,1255.2482,583.9102344444444
2017-03-16 00:00:00,,23.55510827241302,418.05932,0.0,1100.0254,387.23673444444444,0.052900504,0.019899911,0.067831287,0.045945704222222224
2017-03-16 01:00:00,,26.325070657086684,62.103542999999995,0.0,421.20268000000004,133.07117011111112,0.0,0.0,0.0,0.0
2017-03-16 02:00:00,17.79656,17.79656,13.474692,0.0,203.49899000000002,64.83223361333333,0.0,0.0,0.0,0.0
2017-03-16 03:00:00,79.64438,79.64438,0.5005557,0.0,189.29163,48.1960253,0.0,0.0,0.0,0.0
2017-03-16 04:00:00,16.01099,16.01099,0.023843164,0.0,202.90466,34.13677498488889,0.0,0.0,0.0,0.0
2017-03-16 05:00:00,,25.827564606313697,0.0,0.0,155.55197,20.836361273333335,994.8971,0.25083361,1802.3419,682.0759964511112
2017-03-16 06:00:00,,22.84479216322679,0.0,0.0,38.839815,4.4337216,0.053507826,0.011227573999999999,0.078075857,0.04621471500000001
2017-03-16 07:00:00,2.81717,2.81717,0.0,0.0,4.853684899999999,0.5392983222222222,0.0,0.0,0.0,0.0
2017-03-16 08:00:00,,20.72578634144575,0.0,0.0,0.09102898,0.01011433111111111,0.0,0.0,0.0,0.0
2017-03-16 09:00:00,5.08133,5.08133,0.0,0.0,0.0,0.0,0.0,0.0,0.0,0.0
2017-03-16 10:00:00,32.960390000000004,32.960390000000004,0.0,0.0,0.0,0.0,0.0,0.0,0.0,0.0
2017-03-16 11:00:00,26.441390000000002,26.441390000000002,0.0,0.0,0.0,0.0,0.0,0.0,94.703406,10.522600666666667
2017-03-16 12:00:00,19.97327,19.97327,0.0,0.0,0.6354057999999999,0.11788597088888889,0.38211027,0.0069872832000000005,1.1304855,0.5144634150222221
2017-03-16 13:00:00,21.02744,21.02744,0.0,0.0,1.0503592,0.14257553507222223,0.0,0.0,0.0,0.0
2017-03-16 14:00:00,23.51738,23.51738,0.0,0.0,6.7676397,0.9834909867777779,0.0,0.0,0.0,0.0
2017-03-16 15:00:00,18.11138,18.11138,0.0,0.0,41.33835,6.337779566666667,0.0,0.0,0.0,0.0
2017-03-16 16:00:00,54.43334,54.43334,30.527935,0.0,627.6794000000001,134.22222452222223,246.93232000000003,0.0,1552.0027,548.8724265555555
2017-03-16 17:00:00,,32.99706330106994,121.20952,0.0,1148.0577999999998,296.5702108888888,221.92091000000002,131.44713,276.15725,209.54196444444443
2017-03-16 18:00:00,,31.739017647867488,94.818344,0.0,1167.5729000000001,279.19382366666673,145.64069999999998,0.051995936,1105.8451,392.4104079051111
2017-03-16 19:00:00,,31.81062426055618,63.709863999999996,0.0,1082.6905,239.11979099999996,2.5053932,0.0,42.182899000000006,12.735659487111112
2017-03-16 20:00:00,,31.903376487554574,2.4968947,0.0,1806.7429,295.3204779988889,0.0,0.0,0.0,0.0
2017-03-16 21:00:00,,32.18688111890567,0.0,0.0,1038.7598,137.42162976666665,0.0,0.0,0.0,0.0
2017-03-16 22:00:00,20.42483,20.42483,0.0,0.0,119.98514999999999,14.36490923333333,489.45360999999997,0.0,7081.7303,2417.478790222222
2017-03-16 23:00:00,69.19649,69.19649,0.0,0.0,1.4884497,0.1653833,735.2076900000001,345.23575,907.6267,674.2230311111111
2017-03-17 00:00:00,14.78033,14.78033,0.0,0.0,0.0,0.0,0.034674905,0.016527034,4030.4163,1284.9378517663333
2017-03-17 01:00:00,,34.90130128567068,0.0,0.0,0.0,0.0,0.0,0.0,127.02621,32.10444947777778
2017-03-17 02:00:00,41.09483,41.09483,0.0,0.0,0.0,0.0,0.0,0.0,0.0,0.0
2017-03-17 03:00:00,22.587229999999998,22.587229999999998,0.0,0.0,0.0,0.0,0.0,0.0,0.0,0.0
2017-03-17 04:00:00,74.90777,74.90777,0.0,0.0,0.0,0.0,0.0,0.0,0.0,0.0
2017-03-17 05:00:00,74.42123000000001,74.42123000000001,0.0,0.0,0.0,0.0,1106.8869,0.0,2235.6678,813.1804913333333
2017-03-17 06:00:00,25.03901,25.03901,0.0,0.0,0.0,0.0,1.3836893,0.011333474,3.1829036,1.4682126403333333
2017-03-17 07:00:00,17.35295,17.35295,0.0,0.0,0.0,0.0,0.0,0.0,0.0,0.0
2017-03-17 08:00:00,,34.96937240431219,0.0,0.0,0.0,0.0,0.0,0.0,0.0,0.0
2017-03-17 09:00:00,,35.08844576265937,0.0,0.0,0.0,0.0,0.0,0.0,0.0,0.0
2017-03-17 10:00:00,17.93966,17.93966,0.0,0.0,0.0,0.0,0.0,0.0,0.0,0.0
2017-03-17 11:00:00,,36.85096903122592,0.0,0.0,0.0,0.0,0.0,0.0,6935.7357,1606.6591666666668
2017-03-17 12:00:00,44.25416,44.25416,0.25633392,0.0,2.4877705999999997,0.7674868665744444,0.4171454,0.26244254,663.8054,149.70254363555557
2017-03-17 13:00:00,39.14549,39.14549,0.018951159,0.0,2.4410592,0.42401133211111114,0.0,0.0,20.209462,3.1612723666666667
2017-03-17 14:00:00,37.153220000000005,37.153220000000005,0.0,0.0,5.1760530000000005,0.7651790325555556,0.0,0.0,0.0,0.0
2017-03-17 15:00:00,36.88451,36.88451,0.0036906924000000003,0.0,60.423819,10.168692454711111,0.0,0.0,0.0,0.0
2017-03-17 16:00:00,52.79405,52.79405,324.34272,8.3402356,864.60554,371.6425338444444,150.31302000000002,16.298965,444.43039,183.13643166666668
2017-03-17 17:00:00,,44.27087203940724,844.93152,138.47760000000002,1130.6183,557.6863055555555,64.373824,37.550923000000004,77.20872999999999,56.91732499999999
2017-03-17 18:00:00,,43.873717308732544,741.21123,67.26039300000001,1143.6366,549.4987647777778,39.530682,0.058378841,204.04386,75.20749458788889
2017-03-17 19:00:00,,44.62042848524259,514.11486,23.029277,942.54455,493.5188611111111,0.5806536999999999,0.0,5.941788900000001,1.9874160357777777
2017-03-17 20:00:00,,44.84577060584101,219.34042,0.31982995000000003,3815.2873000000004,1017.7451418166667,0.0,0.0,0.0,0.0
2017-03-17 21:00:00,,45.318352069223906,5.4860561,0.0,2691.2254,426.5608449,0.0,0.0,0.0,0.0
2017-03-17 22:00:00,,45.62525498890956,0.0,0.0,428.11956000000004,51.822133,0.0,0.0,80.03204099999999,8.892449
2017-03-17 23:00:00,,45.85123161214997,0.0,0.0,8.3266059,0.9251784333333334,1011.0027,840.0040700000001,1164.9767000000002,990.4911133333333
2017-03-18 00:00:00,,45.641435288603226,0.0,0.0,0.0,0.0,0.058375470000000006,0.015897056,396.88052,64.49477396344443
2017-03-18 01:00:00,,44.92505423319997,0.0,0.0,0.0,0.0,0.0,0.0,6.4208239,0.7134248777777779
2017-03-18 02:00:00,,43.77460808100799,0.0,0.0,0.0,0.0,0.0,0.0,0.0,0.0
2017-03-18 03:00:00,,40.85307463725968,0.0,0.0,0.0,0.0,0.0,0.0,0.0,0.0
2017-03-18 04:00:00,24.12794,24.12794,0.0,0.0,0.0,0.0,0.0,0.0,0.0,0.0
2017-03-18 05:00:00,,38.99907888184321,0.0,0.0,0.0,0.0,953.57175,336.22663,1957.4682,1236.6247244444446
2017-03-18 06:00:00,,36.62395767888055,0.0,0.0,0.0,0.0,0.0,0.0,1202.4178,270.9813633333333
2017-03-18 07:00:00,6.587060000000001,6.587060000000001,0.0,0.0,0.0,0.0,0.0,0.0,107.21831,23.834256
2017-03-18 08:00:00,21.04334,21.04334,0.0,0.0,0.0,0.0,0.0,0.0,0.0,0.0
2017-03-18 09:00:00,,39.87393170769389,0.0,0.0,0.0,0.0,0.0,0.0,0.0,0.0
2017-03-18 10:00:00,34.28645,34.28645,0.0,0.0,0.0,0.0,0.0,0.0,0.0,0.0
2017-03-18 11:00:00,40.81022,40.81022,0.0,0.0,0.0,0.0,0.0,0.0,0.0,0.0
2017-03-18 12:00:00,57.27944,57.27944,0.17896984,0.0,2.6013469999999996,0.6848735612222222,1.569752,0.025565217,5.510942600000001,2.323943345777778
2017-03-18 13:00:00,28.5545,28.5545,0.017253138,0.0,4.5031734,0.7758558958666666,0.0,0.0,0.0,0.0
2017-03-18 14:00:00,7.80023,7.80023,0.0045036814,0.0,34.388238,5.664074875711112,0.0,0.0,0.0,0.0
2017-03-18 15:00:00,,47.31268448828106,0.029519764,0.0,1071.5214999999998,181.9909423071111,0.0,0.0,0.0,0.0
2017-03-18 16:00:00,,53.14609885593965,142.29411,0.0,1166.1645,315.0464162222222,258.17932,45.707046,582.87743,263.3993751111111
2017-03-18 17:00:00,48.032,48.032,358.71967,0.0,1229.9832000000001,468.78867944444454,63.44512100000001,29.190313999999997,79.87462599999999,56.60552477777778
2017-03-18 18:00:00,83.33795,83.33795,562.8899700000001,21.298845,1117.3254000000002,563.4289366666667,32.949578,0.12358345,178.88466,65.82581724444445
2017-03-18 19:00:00,41.00738,41.00738,814.66837,55.744214,1343.7221,654.5519760000001,0.39183055,0.0,4.3486743,1.4282257483333334
2017-03-18 20:00:00,41.50028,41.50028,2232.1292,84.10992499999999,3049.5063,1364.6665327777778,0.0,0.0,0.0,0.0
2017-03-18 21:00:00,56.358830000000005,56.358830000000005,2557.0069,9.9230247,4392.9778,1749.082400411111,0.0,0.0,0.0,0.0
2017-03-18 22:00:00,108.48539,108.48539,2099.7101,0.0,4135.2645,1776.2652760111112,0.0,0.0,0.0,0.0
2017-03-18 23:00:00,173.82962,173.82962,1503.5407,0.0,3641.2241999999997,1638.4280842222224,861.42315,312.0164,967.2334400000001,744.2209688888889
2017-03-19 00:00:00,106.57739,106.57739,29.290150999999998,0.0,597.62568,135.46629444444443,0.044434831,0.010234152,0.070063003,0.03806327666666667
2017-03-19 01:00:00,137.68733,137.68733,0.0,0.0,6.7308797,0.7478755222222222,0.0,0.0,0.0,0.0
2017-03-19 02:00:00,88.43549,88.43549,0.0,0.0,0.0,0.0,0.0,0.0,0.0,0.0
2017-03-19 03:00:00,39.01034,39.01034,0.0,0.0,0.0,0.0,0.0,0.0,0.0,0.0
2017-03-19 04:00:00,107.73173,107.73173,0.0,0.0,0.0,0.0,0.0,0.0,0.0,0.0
2017-03-19 05:00:00,136.18478000000002,136.18478000000002,0.0,0.0,0.0,0.0,0.0,0.0,2180.5516,558.8580444444444
2017-03-19 06:00:00,101.67383000000001,101.67383000000001,0.0,0.0,0.0,0.0,1.3087763000000001,0.025868257,2.2442243,1.119443858111111
2017-03-19 07:00:00,71.47973,71.47973,0.0,0.0,0.0,0.0,0.0,0.0,0.0,0.0
2017-03-19 08:00:00,92.69351,92.69351,0.0,0.0,0.0,0.0,0.0,0.0,0.0,0.0
2017-03-19 09:00:00,35.39945,35.39945,0.0,0.0,0.0,0.0,0.0,0.0,0.0,0.0
2017-03-19 10:00:00,29.42105,29.42105,0.0,0.0,0.0,0.0,0.0,0.0,0.0,0.0
2017-03-19 11:00:00,64.568,64.568,0.0,0.0,0.0,0.0,0.0,0.0,36.541444999999996,4.350525788888889
2017-03-19 12:00:00,35.99888,35.99888,0.0,0.0,0.08320052600000001,0.00924450288888889,5.4643237000000004,3.3353351,7.926182700000001,5.430327944444445
2017-03-19 13:00:00,12.89777,12.89777,0.0,0.0,1.5937107,0.21497978666666664,0.0,0.0,0.0,0.0
2017-03-19 14:00:00,35.88917,35.88917,0.0,0.0,21.618247,3.1091449840111114,0.0,0.0,0.0,0.0
2017-03-19 15:00:00,19.71251,19.71251,0.0,0.0,293.89383,44.66828076666666,0.0,0.0,0.0,0.0
2017-03-19 16:00:00,,39.36211497286942,107.47272,0.0,1101.8058,276.7457978888889,6.309383,0.0,46.955171,17.11510861111111
2017-03-19 17:00:00,,37.521117015547546,363.6757,0.0,1229.0266,471.6982641111111,31.902312999999996,22.244608999999997,39.408831,28.888735555555552
2017-03-19 18:00:00,21.420170000000002,21.420170000000002,415.88646,0.5631836800000001,1249.8888,508.17797107555555,15.986443000000001,0.056520587,113.4748,40.44975998522223
2017-03-19 19:00:00,0.73427,0.73427,452.57178,6.5863137,1281.44,536.2447053000001,0.1740782,0.0,2.2247807,0.7581510262222221
2017-03-19 20:00:00,4.9557199999999995,4.9557199999999995,681.1057099999999,0.055289238000000004,2602.2024,1066.3358188375557,0.0,0.0,0.0,0.0
2017-03-19 21:00:00,27.839000000000002,27.839000000000002,163.48917,0.0,4412.5323,1061.673807757778,0.0,0.0,0.0,0.0
2017-03-19 22:00:00,46.70912,46.70912,6.411987699999999,0.0,3316.5887,580.6345908555554,0.0,0.0,1295.7832,294.5086411111111
2017-03-19 23:00:00,67.21217,67.21217,0.0,0.0,360.92251,56.221704244444446,672.34098,553.9431000000001,823.21506,678.3341077777778
2017-03-20 00:00:00,46.44995,46.44995,0.0,0.0,3.0837884,0.40449352033333336,0.030792958000000002,0.021278764999999998,2736.1412,781.8826942303333
2017-03-20 01:00:00,16.55477,16.55477,0.0,0.0,0.0,0.0,0.0,0.0,71.16559600000001,16.358397444444446
2017-03-20 02:00:00,29.901229999999998,29.901229999999998,0.0,0.0,0.0,0.0,0.0,0.0,0.0,0.0
2017-03-20 03:00:00,40.09472,40.09472,0.0,0.0,0.0,0.0,0.0,0.0,0.0,0.0
2017-03-20 04:00:00,47.814170000000004,47.814170000000004,0.0,0.0,0.0,0.0,0.0,0.0,0.0,0.0
2017-03-20 05:00:00,40.756159999999994,40.756159999999994,0.0,0.0,0.0,0.0,0.0,0.0,2981.7987000000003,800.2099709999999
2017-03-20 06:00:00,,34.27108929734159,0.0,0.0,0.0,0.0,0.036921143,0.0,1.405391,0.3403387892222222
2017-03-20 07:00:00,0.19367,0.19367,0.0,0.0,0.0,0.0,0.0,0.0,0.0,0.0
2017-03-20 08:00:00,,32.07665899842363,0.0,0.0,0.0,0.0,0.0,0.0,0.0,0.0
2017-03-20 09:00:00,,34.37141324451,0.0,0.0,0.0,0.0,0.0,0.0,0.0,0.0
2017-03-20 10:00:00,,33.45470034975958,0.0,0.0,0.0,0.0,0.0,0.0,0.0,0.0
2017-03-20 11:00:00,15.59123,15.59123,0.0,0.0,0.0,0.0,0.0,0.0,9520.5102,2675.248666666667
2017-03-20 12:00:00,,34.58063943744567,0.0,0.0,0.0,0.0,0.0053359934,0.0,793.5473099999999,244.8015440610444
2017-03-20 13:00:00,47.480270000000004,47.480270000000004,0.0,0.0,0.11736139999999999,0.013312497435555555,0.0,0.0,38.83303,10.246802888888888
2017-03-20 14:00:00,21.796999999999997,21.796999999999997,0.0,0.0,3.2492601,0.3614178033555555,0.0,0.0,0.0,0.0
2017-03-20 15:00:00,0.63251,0.63251,0.0,0.0,53.543525,8.268177011111112,0.0,0.0,0.0,0.0
2017-03-20 16:00:00,9.32822,9.32822,97.81939299999999,0.0,551.4542,170.1933867777778,466.83835999999997,43.280579,1088.8953,499.6546697777777
2017-03-20 17:00:00,46.10333,46.10333,664.9053,59.060698,1067.1401,542.2509308888889,83.29650199999999,46.187753,95.91501299999999,73.6416571111111
2017-03-20 18:00:00,94.73984,94.73984,586.77705,24.372421000000003,1154.0124,584.0739454444443,27.163065,0.055979509000000004,344.91094999999996,120.40439566566667
2017-03-20 19:00:00,95.76061999999999,95.76061999999999,370.88164,1.1005448,1336.3367,497.14307408888885,0.34192865,0.0,9.057223899999999,2.585762535555555
2017-03-20 20:00:00,61.370509999999996,61.370509999999996,165.59300000000002,0.0,2843.2566,700.0045207666667,0.0,0.0,0.0,0.0
2017-03-20 21:00:00,20.55044,20.55044,10.163141,0.0,3156.906,516.4893849677778,0.0,0.0,0.0,0.0
2017-03-20 22:00:00,30.72962,30.72962,0.0,0.0,1611.1424,217.4984913111111,0.0,0.0,0.0,0.0
2017-03-20 23:00:00,40.80545,40.80545,0.0,0.0,464.57082,53.34282488888889,707.61185,37.938997,753.74311,484.8702152222222
2017-03-21 00:00:00,18.71717,18.71717,0.0,0.0,273.95464999999996,36.19599061111111,0.053655511999999995,0.023274755,0.064829685,0.048349918666666665
2017-03-21 01:00:00,14.357389999999999,14.357389999999999,0.0,0.0,18.551515000000002,2.0612794444444447,0.0,0.0,0.0,0.0
2017-03-21 02:00:00,11.67188,11.67188,0.0,0.0,5.0230447,0.5581160777777777,0.0,0.0,0.0,0.0
2017-03-21 03:00:00,,26.063211009821305,0.0,0.0,3.1606107000000003,0.3511789666666667,0.0,0.0,0.0,0.0
2017-03-21 04:00:00,,27.68840224364242,0.0,0.0,3.4557706,0.38397451111111114,0.0,0.0,0.0,0.0
2017-03-21 05:00:00,,28.13769729038119,0.0,0.0,2.0724185,0.23026872222222222,,,,
2017-03-21 06:00:00,,27.024456488141805,0.0,0.0,0.022347066,0.0024830073333333333,,,,
2017-03-21 07:00:00,,25.570982368579518,0.0,0.0,0.0,0.0,,,,
2017-03-21 08:00:00,25.123279999999998,25.123279999999998,0.0,0.0,0.0,0.0,,,,
2017-03-21 09:00:00,3.97151,3.97151,0.0,0.0,0.0,0.0,,,,
2017-03-21 10:00:00,11.07245,11.07245,0.0,0.0,1.6373185,0.18192427777777775,,,,
2017-03-21 11:00:00,,22.420521779841266,0.0,0.0,16.735419,1.9843404333333332,,,,
2017-03-21 12:00:00,,24.955410140675284,0.0,0.0,2.5469481000000003,0.41671841377777785,,,,
2017-03-21 13:00:00,,26.35180187248189,0.0,0.0,0.0,0.0,,,,
2017-03-21 14:00:00,,27.074448512050626,0.0,0.0,0.0,0.0,,,,
2017-03-21 15:00:00,,27.856376453514173,44.656848000000004,11.825319,59.825568,36.87870266666667,,,,
2017-03-21 16:00:00,,28.396875615041406,374.72366,103.90736000000001,529.33872,293.2461611111111,,,,
2017-03-21 17:00:00,,28.688681457225275,694.57543,268.99096,781.88523,496.3723733333333,,,,
2017-03-21 18:00:00,,28.889518800377843,744.54967,224.67198000000002,784.1098099999999,537.8372355555555,,,,
2017-03-21 19:00:00,,29.017456156211843,722.85498,169.09062,861.0683700000001,539.6122922222222,,,,
2017-03-21 20:00:00,,29.187893300138054,1031.8477,80.927995,1604.8955,787.1101405555556,,,,
2017-03-21 21:00:00,,29.068012244148306,1842.5897,3.6192705,3065.9689,1431.0761278333332,,,,
2017-03-21 22:00:00,,29.023191968460832,1685.4426,0.0,3260.9004999999997,1458.9160903333332,,,,
2017-03-21 23:00:00,,28.914809885041436,547.46337,0.0,4709.7141,1673.6389342111115,,,,
2017-03-22 00:00:00,,28.73174827346309,517.18205,287.10981,1233.9560000000001,656.8297844444445,0.0,0.0,0.0,0.0
2017-03-22 01:00:00,,28.45389932167041,59.12959,0.0,857.23418,269.70974273333337,0.0,0.0,0.0,0.0
2017-03-22 02:00:00,,27.502900472729163,38.900194,0.0,933.30623,271.5029226666667,0.0,0.0,0.0,0.0
2017-03-22 03:00:00,,26.929633384453904,90.90868800000001,0.0,899.56133,302.50522677777775,0.0,0.0,0.0,0.0
2017-03-22 04:00:00,,25.70222444155836,207.16597000000002,0.0,1077.3414,330.10677444444445,0.0,0.0,0.0,0.0
2017-03-22 05:00:00,,24.270777460525686,374.76211,0.0,1083.3319,346.87245388888886,46.839104,0.0,175.55786,54.787319555555555
2017-03-22 06:00:00,,20.791611673953984,77.161174,0.0,657.25564,223.84366366666666,8.3314326,0.2581597,10.075973,6.154241066666667
2017-03-22 07:00:00,0.48623,0.48623,2.3454977,0.0,311.80077,88.83100885555557,0.0,0.0,0.0,0.0
2017-03-22 08:00:00,,20.089355447063372,0.0,0.0,99.681318,17.766182311111113,0.0,0.0,0.0,0.0
2017-03-22 09:00:00,9.28688,9.28688,0.0,0.0,56.11404,8.06887349,0.0,0.0,0.0,0.0
2017-03-22 10:00:00,32.38322,32.38322,0.0,0.0,37.678361,4.920906559,0.0,0.0,0.0,0.0
2017-03-22 11:00:00,22.94339,22.94339,0.0,0.0,23.744577,2.9428417000000002,0.0,0.0,0.0,0.0
2017-03-22 12:00:00,,26.285476524806427,0.0,0.0,2.2201218,0.3508515692222222,11.960965999999999,4.179888900000001,16.160739,9.679206444444446
2017-03-22 13:00:00,,25.040002509216762,0.0,0.0,0.0,0.0,0.0,0.0,0.0,0.0
2017-03-22 14:00:00,3.84272,3.84272,0.0,0.0,0.0,0.0,0.0,0.0,0.0,0.0
2017-03-22 15:00:00,,26.28057246421037,50.831321,15.376902000000001,63.67015899999999,40.69984988888889,0.0,0.0,0.0,0.0
2017-03-22 16:00:00,11.76728,11.76728,357.73555,136.63470999999998,423.43285000000003,280.89459222222223,0.0,0.0,9.5288779,2.9750032555555554
2017-03-22 17:00:00,11.85155,11.85155,363.31423,28.205375,849.1651400000001,391.3750151111111,25.290026,13.335234,31.371572,22.828336444444442
2017-03-22 18:00:00,53.630390000000006,53.630390000000006,301.27884,31.962626999999998,701.86704,308.8612492222222,0.0,0.0,2.5339218,0.6473127666666666
2017-03-22 19:00:00,118.70273,118.70273,307.86649,37.649111999999995,686.87822,313.50699533333335,0.0,0.0,0.020318334,0.0055260775555555555
2017-03-22 20:00:00,71.41771999999999,71.41771999999999,406.06622,27.680895,908.48526,424.5404834444444,0.0,0.0,0.0,0.0
2017-03-22 21:00:00,73.34639,73.34639,693.8134299999999,2.0158083999999996,2116.8911000000003,910.4450688222223,0.0,0.0,0.0,0.0
2017-03-22 22:00:00,91.05899000000001,91.05899000000001,933.62335,0.0,3152.2706000000003,1254.7376468222221,0.0,0.0,0.0,0.0
2017-03-22 23:00:00,1.7216599999999997,1.7216599999999997,364.65675999999996,0.0,4363.4982,1534.8878185444444,555.1341500000001,0.0,1146.3884,527.4687484444444
2017-03-23 00:00:00,,34.08195075054092,565.6105299999999,0.0,1068.0113000000001,542.7010500000001,0.062102856000000005,0.026778899,0.075983991,0.05510402444444445
2017-03-23 01:00:00,,33.112348028209986,916.1524900000001,0.0,1274.1002,405.5337665888889,0.0,0.0,0.0,0.0
2017-03-23 02:00:00,,30.918899481572176,722.7571899999999,0.0,1170.9081,386.54695777777783,0.0,0.0,0.0,0.0
2017-03-23 03:00:00,,28.35136539960589,1123.4229,0.0,1123.4229,399.0819018555556,0.0,0.0,0.0,0.0
2017-03-23 04:00:00,,25.44461254754141,433.80292000000003,0.0,1119.4948,369.9112355122222,0.0,0.0,0.0,0.0
2017-03-23 05:00:00,20.40416,20.40416,29.344306,0.0,863.6484899999999,251.33108617777776,0.0,0.0,119.62302000000001,16.16396111111111
2017-03-23 06:00:00,18.340339999999998,18.340339999999998,0.23474112,0.0,894.35239,167.07068445777776,8.7398148,4.8548404,10.565451999999999,8.446697955555557
2017-03-23 07:00:00,8.466439999999999,8.466439999999999,0.0,0.0,663.9568,88.51754011999999,0.0,0.0,0.0,0.0
2017-03-23 08:00:00,1.29395,1.29395,0.0,0.0,253.88764,30.145089555555558,0.0,0.0,0.0,0.0
2017-03-23 09:00:00,4.98911,4.98911,0.0,0.0,210.33395,25.044479666666664,0.0,0.0,0.0,0.0
2017-03-23 10:00:00,20.37872,20.37872,0.0,0.0,129.15053,15.727869333333334,0.0,0.0,0.0,0.0
2017-03-23 11:00:00,17.13989,17.13989,0.0,0.0,79.85297999999999,10.438106888888889,0.0,0.0,1.5535925,0.1726213888888889
2017-03-23 12:00:00,,21.66709167081524,0.08033837399999999,0.0,6.3943758,1.2772717537777778,8.0258878,3.7236152,10.548831,7.457150611111111
2017-03-23 13:00:00,,22.988608533828028,0.0,0.0,0.0,0.0,0.0,0.0,0.0,0.0
2017-03-23 14:00:00,,24.07694271759896,0.0,0.0,0.0,0.0,0.0,0.0,0.0,0.0
2017-03-23 15:00:00,,25.09277580598338,38.054921,10.530322,51.79676,31.593306666666663,0.0,0.0,0.0,0.0
2017-03-23 16:00:00,,26.31443376918583,387.30170000000004,104.66548999999999,556.0464900000001,304.3755788888889,0.0,0.0,1.4100559,0.15667287777777777
2017-03-23 17:00:00,,28.405565581249373,696.77585,213.35459,830.6136,501.5998388888889,81.068683,30.57305,124.61410000000001,75.83882722222222
2017-03-23 18:00:00,37.70177,37.70177,735.55426,194.8923,822.57588,541.9997377777778,0.13234667,0.035439761,0.27222379,0.1289710371111111
2017-03-23 19:00:00,34.35005,34.35005,409.98895000000005,82.258201,711.79494,357.0260401111111,0.0,0.0,0.0,0.0
2017-03-23 20:00:00,,28.019170771277135,380.52211,4.7108906,1403.9406,553.6785044,0.0,0.0,0.0,0.0
2017-03-23 21:00:00,,26.150982127345266,83.835897,0.0,1882.0897,572.9180622055555,0.0,0.0,0.0,0.0
2017-03-23 22:00:00,,24.95127839829112,1.8020344,0.0,908.6497,212.77853478888886,0.0,0.0,0.0,0.0
2017-03-23 23:00:00,,23.949153994912617,0.0,0.0,37.642027999999996,7.121562344444444,0.0,0.0,0.0,0.0
2017-03-24 00:00:00,,22.955718227562453,82.38109899999999,0.0,3211.9504,1068.8460232222221,0.061816941,0.015923950000000003,0.10468299,0.05715870988888889
2017-03-24 01:00:00,,21.821224011844407,2319.5944,0.0,3136.4995999999996,1477.4404658888889,0.0,0.0,0.0,0.0
2017-03-24 02:00:00,,20.29940320569897,576.17674,27.790302,576.17674,253.04179466666665,0.0,0.0,0.0,0.0
2017-03-24 03:00:00,,17.5946773731482,44.906214,0.0,381.10404,131.36959367322223,0.0,0.0,0.0,0.0
2017-03-24 04:00:00,5.34845,5.34845,0.76030648,0.0,213.40037,42.90295630366667,0.0,0.0,0.0,0.0
2017-03-24 05:00:00,,16.620794512506652,0.0,0.0,80.77408,10.086794506666667,0.0,0.0,166.00205,41.754631655555556
2017-03-24 06:00:00,,16.650835875086333,0.0,0.0,63.776853,7.118386206666667,8.0996942,4.5528777,9.8242108,7.680239277777777
2017-03-24 07:00:00,2.75834,2.75834,0.0,0.0,18.512672,2.0569635555555554,0.0,0.0,0.0,0.0
2017-03-24 08:00:00,28.88045,28.88045,0.0,0.0,0.54361436,0.06040159555555555,0.0,0.0,0.0,0.0
2017-03-24 09:00:00,12.683119999999999,12.683119999999999,0.0,0.0,17.730541000000002,1.9700601111111113,0.0,0.0,0.0,0.0
2017-03-24 10:00:00,15.93944,15.93944,0.0,0.0,58.143254,6.802095877777777,0.0,0.0,0.0,0.0
2017-03-24 11:00:00,26.00573,26.00573,0.0,0.0,26.691319,3.2954675555555557,0.0,0.0,0.0,0.0
2017-03-24 12:00:00,,21.31957489173043,0.0,0.0,1.6800749,0.2542180497777778,8.7313001,4.6092514,10.680235,7.544520433333334
2017-03-24 13:00:00,,21.073146776176745,0.0,0.0,0.0,0.0,0.0,0.0,0.0,0.0
2017-03-24 14:00:00,,21.02603640575522,0.0,0.0,0.0,0.0,0.0,0.0,0.0,0.0
2017-03-24 15:00:00,,20.932589261935874,0.0,0.0,0.0,0.0,0.0,0.0,0.0,0.0
2017-03-24 16:00:00,,20.69861711161571,238.08514,90.932452,290.64196999999996,198.04508577777776,0.0,0.0,2.1994194,0.5243095333333333
2017-03-24 17:00:00,,20.17903540577249,233.80634,24.725282999999997,581.3411,251.09995133333334,17.445052,5.9905478,26.397544999999997,16.411043133333337
2017-03-24 18:00:00,,18.898133753564796,221.88535,16.45824,615.58309,255.71926544444446,1.3001837,0.21606981,4.6098785,1.736365081111111
2017-03-24 19:00:00,13.26188,13.26188,177.00632,17.982764000000003,462.83528,201.77294777777777,0.0,0.0,0.0,0.0
2017-03-24 20:00:00,,18.807671930744903,193.98377,0.8572421800000001,700.97874,297.2776075755556,0.0,0.0,0.0,0.0
2017-03-24 21:00:00,,20.065433192548944,121.63251,0.0,908.1547,332.1183737777777,0.0,0.0,0.0,0.0
2017-03-24 22:00:00,,20.595212711450547,80.66073499999999,0.0,804.98529,285.0337656666667,0.0,0.0,0.0,0.0
2017-03-24 23:00:00,,20.853561530179963,2.9247753000000003,0.0,441.92294999999996,103.50655470444444,0.0,0.0,0.0,0.0
2017-03-25 00:00:00,,20.96930239130677,0.0,0.0,320.31134,56.720111555555555,0.052534048,0.011062685,0.10686604,0.04990606766666667
2017-03-25 01:00:00,,20.991267600448094,15.449883,0.0,669.6360099999999,179.4720218888889,0.0,0.0,0.0,0.0
2017-03-25 02:00:00,,20.9395322906642,53.385858,0.0,306.13210000000004,108.8055968888889,0.0,0.0,0.0,0.0
2017-03-25 03:00:00,,20.81920559072216,87.10878299999999,0.0,556.6047,192.73179477777776,0.0,0.0,0.0,0.0
2017-03-25 04:00:00,,20.620184364994458,104.76402,0.0,799.8051,267.52405244444446,0.0,0.0,0.0,0.0
2017-03-25 05:00:00,,20.292884549202178,102.50824,0.0,933.0054200000001,307.9305635555556,23.226705,0.0,37.52573,18.39711388888889
2017-03-25 06:00:00,,19.558680882563213,666.05804,0.0,958.3009500000001,289.2428468888889,0.24360568,0.0,2.0473619,0.5921747909222222
2017-03-25 07:00:00,12.44462,12.44462,640.70302,1.9583645,974.36924,321.5470521888889,0.0,0.0,0.0,0.0
2017-03-25 08:00:00,37.37423,37.37423,38.977803,0.0,842.15577,243.01967994444445,0.0,0.0,0.0,0.0
2017-03-25 09:00:00,9.76706,9.76706,0.23418988,0.0,605.2837099999999,144.60506809777777,0.0,0.0,0.0,0.0
2017-03-25 10:00:00,12.50027,12.50027,0.0,0.0,317.18775,53.572937788888886,0.0,0.0,0.0,0.0
2017-03-25 11:00:00,19.273670000000003,19.273670000000003,6.3723737,0.0,76.325297,27.238642655555555,0.0,0.0,26.491321,3.316857777777778
2017-03-25 12:00:00,,19.147436887372454,1.3109416,0.0,6.5807308,2.2721339577777777,11.000852,4.019545,14.550238,9.897858000000001
2017-03-25 13:00:00,,19.579396544561494,0.0,0.0,0.0,0.0,0.0,0.0,0.0,0.0
2017-03-25 14:00:00,,19.86662027734253,0.0,0.0,0.0,0.0,0.0,0.0,0.0,0.0
2017-03-25 15:00:00,,19.587957465291574,0.0,0.0,0.0,0.0,0.0,0.0,0.0,0.0
2017-03-25 16:00:00,,19.230089785174467,187.54402,81.055121,241.44311000000002,164.981099,0.0,0.0,0.0,0.0
2017-03-25 17:00:00,,19.19377476616678,202.45384,25.67847,503.19749,230.83967777777778,18.014158,2.9558114,46.411944000000005,21.486715877777776
2017-03-25 18:00:00,,18.77873833847642,223.68382,65.617205,321.30026,203.14582277777777,0.0,0.0,0.0,0.0
2017-03-25 19:00:00,,18.61578124672798,230.14771,81.01821000000001,280.03891999999996,196.08911,0.0,0.0,0.0,0.0
2017-03-25 20:00:00,,18.388708772618354,161.56201000000001,17.254837000000002,425.31735,200.9789878888889,0.0,0.0,0.0,0.0
2017-03-25 21:00:00,,18.082560145081136,9.976498399999999,0.05471648,175.08939,45.08049757222222,0.0,0.0,0.0,0.0
2017-03-25 22:00:00,,17.67169360644528,0.0,0.0,7.154717,1.2216068633333332,0.0,0.0,0.0,0.0
2017-03-25 23:00:00,,17.11081672367386,0.0,0.0,0.0,0.0,0.0,0.0,0.0,0.0
2017-03-26 00:00:00,,16.312693635299496,0.0,0.0,0.0,0.0,0.00094084518,5.9702736e-05,0.004542801700000001,0.001494105571888889
2017-03-26 01:00:00,,15.081730303910973,0.0,0.0,0.0,0.0,0.0,0.0,0.0,0.0
2017-03-26 02:00:00,,12.846122774174344,0.0,0.0,0.0,0.0,0.0,0.0,0.0,0.0
2017-03-26 03:00:00,6.68405,6.68405,0.0,0.0,0.0,0.0,0.0,0.0,0.0,0.0
2017-03-26 04:00:00,,12.358192124694618,0.0,0.0,49.043842999999995,7.44810111111111,0.0,0.0,0.0,0.0
2017-03-26 05:00:00,,13.598802156931962,0.0,0.0,359.78833,65.36131566666667,0.0,0.0,13.847759,3.104974388888889
2017-03-26 06:00:00,,13.311486003632172,33.480512,0.0,1049.9129,294.8122624444444,0.0,0.0,0.12746574,0.02610802411111111
2017-03-26 07:00:00,,11.376309569456597,567.86358,0.0,920.50608,308.2202496666667,0.0,0.0,0.0,0.0
2017-03-26 08:00:00,4.64567,4.64567,789.59612,5.2247615,997.0727800000001,341.9411469444444,0.0,0.0,0.0,0.0
2017-03-26 09:00:00,,11.426839519765034,565.5791,0.0,984.7075,309.31492898444446,0.0,0.0,0.0,0.0
2017-03-26 10:00:00,,13.89992166436037,326.7776,0.0,853.92426,270.8357833333333,0.0,0.0,0.0,0.0
2017-03-26 11:00:00,,15.256496704585427,146.71596,0.0,888.38674,236.70375155555556,47.808662,0.0,77.459779,29.11025095555555
2017-03-26 12:00:00,,16.14226055652788,38.473124999999996,0.4009253,58.346257,22.59789042222222,3.3641045,0.033234802,10.149315000000001,3.790424078
2017-03-26 13:00:00,,16.77864945177191,0.0,0.0,0.0,0.0,0.0,0.0,0.0,0.0
2017-03-26 14:00:00,,17.26406266938681,0.0,0.0,0.0,0.0,0.0,0.0,0.0,0.0
2017-03-26 15:00:00,,17.649695653855797,0.0,0.0,0.0,0.0,0.0,0.0,0.0,0.0
2017-03-26 16:00:00,,17.965176890653403,172.19686000000002,42.490654,278.15514,164.59828566666667,0.0,0.0,0.0,0.0
2017-03-26 17:00:00,,18.22901881792534,153.72576,27.018037,284.50644,158.87442466666667,6.8099375,0.58634862,24.853902,9.96101779111111
2017-03-26 18:00:00,,18.453475147764767,187.39032,40.664341,304.79356,180.16617088888887,0.0,0.0,0.0,0.0
2017-03-26 19:00:00,,18.647029522118146,227.78206,64.149855,321.86060000000003,204.86666944444445,0.0,0.0,0.0,0.0
2017-03-26 20:00:00,,18.815770398332088,322.78328,49.946695,651.97743,324.17545711111114,0.0,0.0,0.0,0.0
2017-03-26 21:00:00,,18.964197610919157,35.101868,1.5419355000000001,298.18469,89.6725615,0.0,0.0,0.0,0.0
2017-03-26 22:00:00,,19.095719250729257,0.0,0.0,11.634318,2.0677628555555554,0.0,0.0,0.0,0.0
2017-03-26 23:00:00,,19.212970448998906,0.0,0.0,0.0,0.0,0.0,0.0,0.0,0.0
2017-03-27 00:00:00,,19.31802502185842,0.0017733658,0.0013547759999999998,0.002141596,0.0017801546666666665,0.035711799999999995,0.0047529243,0.12744022000000002,0.04860210125555556
2017-03-27 01:00:00,,19.41254015230369,0.00018783498,0.00014151334,0.00022944717,0.0001891972533333333,0.0,0.0,0.0,0.0
2017-03-27 02:00:00,,19.49785782588744,0.0,0.0,12.008272,1.3342524444444444,0.0,0.0,0.0,0.0
2017-03-27 03:00:00,,19.575077531133225,0.0,0.0,0.19830151,0.02203350111111111,0.0,0.0,0.0,0.0
2017-03-27 04:00:00,,19.645109385131356,0.0,0.0,0.0,0.0,0.0,0.0,0.0,0.0
2017-03-27 05:00:00,,19.708713628005423,0.0,0.0,0.0,0.0,0.0,0.0,0.0,0.0
2017-03-27 06:00:00,,19.76653043760784,0.0,0.0,4.6763134,0.7637696666666667,0.0,0.0,0.0,0.0
2017-03-27 07:00:00,,19.81910274881601,2.9546449999999997,0.0,106.88518,27.402470955555557,0.0,0.0,0.0,0.0
2017-03-27 08:00:00,,19.86689393683857,49.792663,0.0,86.31745699999999,38.47899892222222,0.0,0.0,0.0,0.0
2017-03-27 09:00:00,,19.91030167527035,63.952262,0.0,98.185956,35.65081892222222,0.0,0.0,0.0,0.0
2017-03-27 10:00:00,,19.94966890765322,64.16796500000001,0.0,94.542833,33.94643358888889,0.0,0.0,0.0,0.0
2017-03-27 11:00:00,,19.985292614674506,58.460289,0.0,87.276749,32.95745557222222,15.183928,0.0,72.36681999999999,26.595195077777774
2017-03-27 12:00:00,,20.017430879253805,4.3848863,0.0,7.3709707,3.08904513,0.080020229,0.0,3.3298752,0.7850933605555556
2017-03-27 13:00:00,,20.046308623829834,0.0,0.0,0.0,0.0,0.0,0.0,0.0,0.0
2017-03-27 14:00:00,,20.072122301934012,0.0,0.0,0.0,0.0,0.0,0.0,0.0,0.0
2017-03-27 15:00:00,,20.095043758827803,0.0,0.0,0.0,0.0,0.0,0.0,0.0,0.0
2017-03-27 16:00:00,,20.115223426286992,58.423037,3.5246419,171.87043,75.12154721111112,0.0,0.0,0.0,0.0
2017-03-27 17:00:00,,20.13279297953237,20.3742,0.41556203,130.35796000000002,48.67027293666667,1.3448376,0.0,9.114462999999999,3.125008063222222
2017-03-27 18:00:00,,20.147867556354893,16.182168,0.0,101.50005,36.05836918888889,0.0,0.0,0.0,0.0
2017-03-27 19:00:00,,20.16054761721481,16.864869,0.0,90.023044,31.660279077222224,0.0,0.0,0.0,0.0
2017-03-27 20:00:00,,20.17092050876658,3.5782109,0.0,21.006695999999998,6.460653276666666,0.0,0.0,0.0,0.0
2017-03-27 21:00:00,,20.179061780620266,0.0,0.0,0.0,0.0,0.0,0.0,0.0,0.0
2017-03-27 22:00:00,,20.185036295282075,0.0,0.0,0.0,0.0,0.0,0.0,0.0,0.0
2017-03-27 23:00:00,,20.188899163453364,0.0,0.0,0.0,0.0,0.0,0.0,0.0,0.0
2017-03-28 00:00:00,,20.190696530711364,0.0,0.0,0.0,0.0,0.65328504,0.57125271,0.68186876,0.6273741944444444
2017-03-28 01:00:00,,20.190466236675213,0.0,0.0,0.0,0.0,0.045377906,0.014703293000000001,0.098308426,0.050814232555555554
2017-03-28 02:00:00,,20.1882383637978,0.0,0.0,0.0,0.0,0.0,0.0,0.0,0.0
2017-03-28 03:00:00,,20.184035689704615,0.0,0.0,0.0,0.0,0.0,0.0,0.0,0.0
2017-03-28 04:00:00,,20.177874054361684,0.0,0.0,0.0,0.0,0.0,0.0,0.0,0.0
2017-03-28 05:00:00,,20.169762651169833,0.0,0.0,0.0,0.0,0.0,0.0,0.0,0.0
2017-03-28 06:00:00,,20.159704249253295,0.0,0.0,0.0,0.0,0.0,0.0,0.0,0.0
2017-03-28 07:00:00,,20.14769535265905,0.0,0.0,0.0,0.0,0.0,0.0,0.0,0.0
2017-03-28 08:00:00,,20.133726300847414,0.0,0.0,0.0,0.0,0.0,0.0,0.0,0.0
2017-03-28 09:00:00,,20.11778131368417,0.0,0.0,0.0,0.0,0.0,0.0,0.0,0.0
2017-03-28 10:00:00,,20.099838483097944,0.0,0.0,5.552833,1.0871953444444444,0.0,0.0,0.0,0.0
2017-03-28 11:00:00,,20.079869712609916,0.0,0.0,23.865752,5.033290655555556,0.0,0.0,0.0,0.0
2017-03-28 12:00:00,,20.057840605045122,0.0,0.0,3.7290124,0.7560485366666667,0.0,0.0,0.0,0.0
2017-03-28 13:00:00,,20.033710297869895,0.0,0.0,0.0,0.0,0.0,0.0,0.0,0.0
2017-03-28 14:00:00,,20.00743124474299,0.0,0.0,0.0,0.0,0.0,0.0,0.0,0.0
2017-03-28 15:00:00,,19.97894894099583,0.0,0.0,0.0,0.0,0.0,0.0,0.0,0.0
2017-03-28 16:00:00,,19.948201589845638,37.675298000000005,0.0,149.25633,62.987896166666665,0.0,0.0,0.0,0.0
2017-03-28 17:00:00,,19.91511970516982,49.895098,0.0,208.13513,81.86357828888889,0.0,0.0,1.5094545,0.3213409544444444
2017-03-28 18:00:00,,19.879625645604435,209.01814000000002,47.475842,374.85634999999996,219.38126377777778,0.0,0.0,0.028695464,0.005703628333333334
2017-03-28 19:00:00,,19.841633073543385,440.34378000000004,328.86234,539.21778,408.8533444444445,0.46286758,0.28738488999999995,0.70559372,0.47512396111111105
2017-03-28 20:00:00,,19.801046331274936,885.66507,293.12077000000005,1130.0709,735.6762111111111,0.12092932999999999,0.087064826,0.15949982000000001,0.12201295000000001
2017-03-28 21:00:00,,19.757759724957335,279.93746000000004,92.99368700000001,400.4513,272.3010296666667,0.0,0.0,0.0,0.0
2017-03-28 22:00:00,,19.711656705359147,15.411822,9.9239387,26.574427,17.040076522222225,0.0,0.0,0.0,0.0
2017-03-28 23:00:00,,19.66260893221311,1.6940717,1.3365764999999998,2.1291507000000003,1.714265288888889,0.0,0.0,0.0,0.0
2017-03-29 00:00:00,,19.610475206585846,0.39278771,0.3384568,0.45348682,0.3939215166666667,0.035167663,0.03388562,0.040934494999999994,0.036311883222222216
2017-03-29 01:00:00,,19.555100252760724,0.043446532999999996,0.036868634,0.050681987000000005,0.04366024877777778,0.027923855,0.025691019000000002,0.02876558,0.027895450999999998
2017-03-29 02:00:00,,19.496313327659553,0.0007048313,0.00032741435,0.0013154974,0.0007669054566666667,0.016420062,0.014780037,0.017796994,0.016461907111111108
2017-03-29 03:00:00,,19.433926631652536,0.0,0.0,0.0,0.0,0.0002512307,0.00021557262999999998,0.00029065778,0.0002507481244444444
2017-03-29 04:00:00,,19.367733489551572,0.0,0.0,0.0,0.0,0.0,0.0,0.0,0.0
2017-03-29 05:00:00,,19.29750626442689,0.0,0.0,0.0,0.0,0.0,0.0,0.0,0.0
2017-03-29 06:00:00,,19.222993959344542,0.0,0.0,0.0,0.0,0.0,0.0,0.13891314,0.031358249888888884
2017-03-29 07:00:00,,19.143919452820153,0.0,0.0,0.0,0.0,0.070827653,0.0,0.29989781,0.1045880948888889
2017-03-29 08:00:00,,19.05997630223442,0.0,0.0,0.0,0.0,0.0,0.0,0.0,0.0
2017-03-29 09:00:00,,18.97082503501183,0.0,0.0,0.0,0.0,0.0,0.0,0.0,0.0
2017-03-29 10:00:00,,18.87608882916173,0.0,0.0,0.0,0.0,0.0,0.0,0.0,0.0
2017-03-29 11:00:00,,18.77534846165161,0.0,0.0,0.0,0.0,0.0,0.0,0.0,0.0
2017-03-29 12:00:00,,18.668136373425337,0.0,0.0,0.0,0.0,0.0,0.0,0.0,0.0
2017-03-29 13:00:00,,18.55392966147405,0.0,0.0,0.0,0.0,0.0,0.0,0.0,0.0
2017-03-29 14:00:00,,18.432141758085677,0.0,0.0,0.0,0.0,0.0,0.0,0.0,0.0
2017-03-29 15:00:00,,18.30211249076387,0.0,0.0,0.0,0.0,0.0,0.0,0.0,0.0
2017-03-29 16:00:00,,18.16309612679083,0.0,0.0,15.119551,4.967880555555555,0.0,0.0,0.0,0.0
2017-03-29 17:00:00,,18.01424688430648,0.0,0.0,8.7386015,2.6896551,0.0,0.0,1.2132834000000001,0.25898987
2017-03-29 18:00:00,,17.854601222332988,0.0,0.0,13.599618999999999,4.3970503333333335,0.0,0.0,0.0,0.0
2017-03-29 19:00:00,,17.683055982399058,0.0,0.0,15.987709,5.098268333333333,0.42899688,0.27777517,0.61489692,0.43309352888888886
2017-03-29 20:00:00,,17.498341107505677,0.36165181,0.25328322,16.453847,4.195502661111111,0.10702048,0.08060606399999999,0.13819714,0.10819215666666666
2017-03-29 21:00:00,,17.298985149384638,0.0,0.0,0.0,0.0,0.0,0.0,0.0,0.0
2017-03-29 22:00:00,,17.083270988690252,0.006739,0.0034134714999999997,0.059774179999999996,0.012016493377777777,0.0,0.0,0.0,0.0
2017-03-29 23:00:00,,16.84917795137248,0.0023638866,0.0020489757,0.0045672799,0.0025747915666666666,0.0,0.0,0.0,0.0
2017-03-30 00:00:00,,16.59430446915195,0.0,0.0,0.0,0.0,0.004562629800000001,0.0037210828000000004,0.0059795782,0.00472913798888889
2017-03-30 01:00:00,,16.315761947607868,0.0,0.0,0.0,0.0,0.0006499394900000001,0.00051053622,0.00076457263,0.0006494881555555555
2017-03-30 02:00:00,,16.010024237626542,0.0,0.0,0.0,0.0,0.0,0.0,0.0,0.0
2017-03-30 03:00:00,,15.672705172525372,0.0,0.0,0.0,0.0,0.0,0.0,0.0,0.0
2017-03-30 04:00:00,,15.298212372230203,0.0,0.0,0.0,0.0,0.0,0.0,0.0,0.0
2017-03-30 05:00:00,,14.879172267763199,0.0,0.0,0.0,0.0,0.0,0.0,0.0,0.0
2017-03-30 06:00:00,,14.405393305118189,0.0,0.0,0.0,0.0,0.0,0.0,0.0,0.0
2017-03-30 07:00:00,,13.861790581651007,0.0,0.0,0.0,0.0,0.0,0.0,0.0,0.0
2017-03-30 08:00:00,,13.223633476755177,0.0,0.0,0.0,0.0,0.0,0.0,0.0,0.0
2017-03-30 09:00:00,,12.443525289340428,0.0,0.0,0.0,0.0,0.0,0.0,0.0,0.0
2017-03-30 10:00:00,,11.40524731156624,0.0,0.0,0.0,0.0,0.0,0.0,0.0,0.0
2017-03-30 11:00:00,,9.671684383506708,0.0,0.0,0.0,0.0,0.0,0.0,0.0,0.0
2017-03-30 12:00:00,2.21138,2.21138,0.0,0.0,0.0,0.0,0.0,0.0,0.0,0.0
2017-03-30 13:00:00,19.11467,19.11467,0.0,0.0,0.0,0.0,0.0,0.0,0.0,0.0
2017-03-30 14:00:00,7.553780000000001,7.553780000000001,0.43629242,0.36252553,0.55207624,0.45048985444444445,0.0,0.0,0.0,0.0
2017-03-30 15:00:00,,11.332179867722747,2.4797618999999997,2.280507,2.7310762,2.4958115666666667,0.0,0.0,0.0,0.0
2017-03-30 16:00:00,,12.324197303268186,4.076882299999999,3.7695675,20.338455,9.416062555555554,0.0,0.0,0.0,0.0
2017-03-30 17:00:00,,13.013570030119377,7.2970624,6.7541555,10.739296,8.169769811111113,0.50641859,0.0,2.7118444,0.9696237322222222
2017-03-30 18:00:00,,13.580268082010704,7.7017648,7.3709298,8.049883000000001,7.713462155555557,5.9809818,3.2801543000000004,9.8271339,6.220727077777777
2017-03-30 19:00:00,,14.069093712179262,8.0430946,7.3877486,8.672293000000002,8.039263577777778,7.021012600000001,5.3627364,8.9607256,7.060220822222224
2017-03-30 20:00:00,,14.499461172129328,3.5631966999999998,2.6966929,4.5393449,3.5796467,0.52815318,0.38814861,0.7044907300000001,0.5313841477777778
2017-03-30 21:00:00,,14.882841771605895,1.3237128999999999,1.0031338,1.7101499,1.3315734333333333,0.0,0.0,0.0,0.0
2017-03-30 22:00:00,,15.227194629217607,3.1090250999999998,0.69107017,52.486095,10.482892281111113,0.0,0.0,0.0,0.0
2017-03-30 23:00:00,,15.53851191988687,56.674015999999995,20.534491,232.54662,81.77451688888888,0.0,0.0,0.0,0.0
2017-03-31 00:00:00,,15.82150835890076,0.0,0.0,0.0,0.0,0.004947033,0.0040477510000000005,0.0058923622,0.0049691089444444435
2017-03-31 01:00:00,,16.079992521699342,0.0,0.0,0.0,0.0,0.62794618,0.30350492,1.498918,0.7862079177777778
2017-03-31 02:00:00,,16.317095372594967,0.0,0.0,0.0,0.0,12.655611,10.351117,15.096066,12.698716111111112
2017-03-31 03:00:00,,16.53542403986373,0.0,0.0,0.0,0.0,22.462109,19.84767,25.27186,22.499407
2017-03-31 04:00:00,,16.737171517832394,0.0,0.0,0.0,0.0,25.417461,23.122808,27.847469,25.430444777777776
2017-03-31 05:00:00,,16.924198032432415,0.0,0.0,0.0,0.0,28.866825000000002,26.881711,30.892614000000002,28.859101333333328
2017-03-31 06:00:00,,17.09809303846021,0.0,0.0,0.0,0.0,23.097859999999997,22.141712000000002,24.019933,23.094033555555555
2017-03-31 07:00:00,,17.26022339642206,0.0,0.0,0.0,0.0,19.266643000000002,18.595514,19.930165,19.262717444444448
2017-03-31 08:00:00,,17.41177137898982,0.0,0.0,0.0,0.0,14.419989000000001,13.994526,14.833231,14.413670111111113
2017-03-31 09:00:00,,17.553765020373298,0.0,0.0,0.0,0.0,10.462323,10.183748,10.738454999999998,10.46211811111111
2017-03-31 10:00:00,,17.687102598715477,0.0,0.0,0.0,0.0,8.4713956,8.291802299999999,8.6454229,8.46801928888889
2017-03-31 11:00:00,,17.81257255952982,0.0,0.0,0.0,0.0,13.40162,11.384863000000001,16.192589,13.530136777777777
2017-03-31 12:00:00,,17.93086985510504,66259.96500000001,1650.1659,148706.8,66671.88765555556,6.1215742,5.0687481,7.3256374,6.154920377777778
2017-03-31 13:00:00,,18.04260943817409,29496.813000000002,1700.9478,46804.085,27368.965522222225,0.86903384,0.78127869,0.9616272800000001,0.8675567066666667
2017-03-31 14:00:00,,18.148337476326983,2389.4249,1990.1183,2814.1052,2389.729522222222,0.28173503,0.27437419999999996,0.28907419,0.2817909511111111
2017-03-31 15:00:00,,18.248540726674115,1391.7522000000001,1274.1918,1550.6343000000002,1396.2309777777778,0.58609606,0.5345168,0.63284273,0.5864890099999999
2017-03-31 16:00:00,,18.34365441505986,367.35524,326.65758,408.71074,366.85955111111105,1.0124926,0.94094537,1.0803767,1.0126268722222223
2017-03-31 17:00:00,,18.43406889185736,29.351546000000003,23.989456,35.496611,29.454501555555552,,,,
2017-03-31 18:00:00,,18.520135280933022,2.9988673,2.360176,3.7104792,3.0022172555555553,,,,
2017-03-31 19:00:00,,18.602170295437585,0.0,0.0,0.0,0.0,,,,
2017-03-31 20:00:00,,18.68046036055792,0.0,0.0,0.0,0.0,,,,
2017-03-31 21:00:00,,18.75526515698933,0.0,0.0,0.0,0.0,,,,
2017-03-31 22:00:00,,18.826820677993805,0.0,0.0,0.0,0.0,,,,
2017-03-31 23:00:00,,18.895341876250114,0.0,0.0,0.0,0.0,,,,
