TimeBeginning,ElPanama_raw,ElPanama_KNN
2017-03-01 00:00:00,142.637,142.637
2017-03-01 01:00:00,39.266329999999996,39.266329999999996
2017-03-01 02:00:00,32.56289,32.56289
2017-03-01 03:00:00,104.96672,104.96672
2017-03-01 04:00:00,114.76111999999999,114.76111999999999
2017-03-01 05:00:00,27.92645,27.92645
2017-03-01 06:00:00,32.49134,32.49134
2017-03-01 07:00:00,21.42812,21.42812
2017-03-01 08:00:00,44.36228,44.36228
2017-03-01 09:00:00,73.28756,73.28756
2017-03-01 10:00:00,27.867620000000002,27.867620000000002
2017-03-01 11:00:00,8.84645,8.84645
2017-03-01 12:00:00,,51.04109643498767
2017-03-01 13:00:00,,56.45847493777853
2017-03-01 14:00:00,,58.82315884739315
2017-03-01 15:00:00,,59.29673026808841
2017-03-01 16:00:00,,56.07245409025582
2017-03-01 17:00:00,4.24817,4.24817
2017-03-01 18:00:00,20.91773,20.91773
2017-03-01 19:00:00,103.81555999999999,103.81555999999999
2017-03-01 20:00:00,131.88701,131.88701
2017-03-01 21:00:00,76.47551,76.47551
2017-03-01 22:00:00,94.58084000000001,94.58084000000001
2017-03-01 23:00:00,88.63901,88.63901
2017-03-02 00:00:00,84.41438000000001,84.41438000000001
2017-03-02 01:00:00,47.27834,47.27834
2017-03-02 02:00:00,49.23245,49.23245
2017-03-02 03:00:00,133.4945,133.4945
2017-03-02 04:00:00,148.48183999999998,148.48183999999998
2017-03-02 05:00:00,199.27916000000002,199.27916000000002
2017-03-02 06:00:00,156.98516,156.98516
2017-03-02 07:00:00,165.04328,165.04328
2017-03-02 08:00:00,109.92116000000001,109.92116000000001
2017-03-02 09:00:00,60.62161999999999,60.62161999999999
2017-03-02 10:00:00,49.91933,49.91933
2017-03-02 11:00:00,19.89377,19.89377
2017-03-02 12:00:00,36.32006,36.32006
2017-03-02 13:00:00,14.285839999999999,14.285839999999999
2017-03-02 14:00:00,16.61678,16.61678
2017-03-02 15:00:00,41.04077,41.04077
2017-03-02 16:00:00,17.52149,17.52149
2017-03-02 17:00:00,54.325219999999995,54.325219999999995
2017-03-02 18:00:00,19.65527,19.65527
2017-03-02 19:00:00,,65.35209487349098
2017-03-02 20:00:00,29.71838,29.71838
2017-03-02 21:00:00,61.79821999999999,61.79821999999999
2017-03-02 22:00:00,110.49833000000001,110.49833000000001
2017-03-02 23:00:00,80.84801,80.84801
2017-03-03 00:00:00,155.44127,155.44127
2017-03-03 01:00:00,135.85088000000002,135.85088000000002
2017-03-03 02:00:00,146.93795,146.93795
2017-03-03 03:00:00,123.93701000000001,123.93701000000001
2017-03-03 04:00:00,169.43327,169.43327
2017-03-03 05:00:00,160.32416,160.32416
2017-03-03 06:00:00,141.90083,141.90083
2017-03-03 07:00:00,98.71961,98.71961
2017-03-03 08:00:00,77.54399000000001,77.54399000000001
2017-03-03 09:00:00,71.01545,71.01545
2017-03-03 10:00:00,42.16967,42.16967
2017-03-03 11:00:00,81.44266999999999,81.44266999999999
2017-03-03 12:00:00,25.83878,25.83878
2017-03-03 13:00:00,11.126510000000001,11.126510000000001
2017-03-03 14:00:00,,62.83366676926607
2017-03-03 15:00:00,30.61673,30.61673
2017-03-03 16:00:00,41.70539,41.70539
2017-03-03 17:00:00,38.530159999999995,38.530159999999995
2017-03-03 18:00:00,174.01883,174.01883
2017-03-03 19:00:00,130.95845,130.95845
2017-03-03 20:00:00,61.10816,61.10816
2017-03-03 21:00:00,68.86895,68.86895
2017-03-03 22:00:00,195.32801,195.32801
2017-03-03 23:00:00,91.47239,91.47239
2017-03-04 00:00:00,83.08355,83.08355
2017-03-04 01:00:00,,73.91031493529952
2017-03-04 02:00:00,0.20639000000000002,0.20639000000000002
2017-03-04 03:00:00,59.12066,59.12066
2017-03-04 04:00:00,51.814609999999995,51.814609999999995
2017-03-04 05:00:00,150.31034,150.31034
2017-03-04 06:00:00,116.93306000000001,116.93306000000001
2017-03-04 07:00:00,32.467490000000005,32.467490000000005
2017-03-04 08:00:00,79.9115,79.9115
2017-03-04 09:00:00,71.61488,71.61488
2017-03-04 10:00:00,48.865159999999996,48.865159999999996
2017-03-04 11:00:00,41.91527,41.91527
2017-03-04 12:00:00,43.128440000000005,43.128440000000005
2017-03-04 13:00:00,41.39216,41.39216
2017-03-04 14:00:00,46.83473,46.83473
2017-03-04 15:00:00,55.392109999999995,55.392109999999995
2017-03-04 16:00:00,22.40756,22.40756
2017-03-04 17:00:00,59.246269999999996,59.246269999999996
2017-03-04 18:00:00,126.74972,126.74972
2017-03-04 19:00:00,28.174490000000002,28.174490000000002
2017-03-04 20:00:00,3.25601,3.25601
2017-03-04 21:00:00,29.629340000000003,29.629340000000003
2017-03-04 22:00:00,126.59548999999998,126.59548999999998
2017-03-04 23:00:00,173.22701,173.22701
2017-03-05 00:00:00,161.9555,161.9555
2017-03-05 01:00:00,77.00339,77.00339
2017-03-05 02:00:00,29.8265,29.8265
2017-03-05 03:00:00,30.64217,30.64217
2017-03-05 04:00:00,95.20411999999999,95.20411999999999
2017-03-05 05:00:00,133.08905,133.08905
2017-03-05 06:00:00,125.27738000000001,125.27738000000001
2017-03-05 07:00:00,,65.27593864184468
2017-03-05 08:00:00,11.75933,11.75933
2017-03-05 09:00:00,55.92794,55.92794
2017-03-05 10:00:00,20.30399,20.30399
2017-03-05 11:00:00,29.708840000000002,29.708840000000002
2017-03-05 12:00:00,18.80939,18.80939
2017-03-05 13:00:00,4.61228,4.61228
2017-03-05 14:00:00,,46.11087686507355
2017-03-05 15:00:00,,49.549155209767676
2017-03-05 16:00:00,24.65105,24.65105
2017-03-05 17:00:00,50.768390000000004,50.768390000000004
2017-03-05 18:00:00,150.06389,150.06389
2017-03-05 19:00:00,49.07345,49.07345
2017-03-05 20:00:00,29.71361,29.71361
2017-03-05 21:00:00,25.08512,25.08512
2017-03-05 22:00:00,60.20345,60.20345
2017-03-05 23:00:00,105.5105,105.5105
2017-03-06 00:00:00,34.178329999999995,34.178329999999995
2017-03-06 01:00:00,9.671660000000001,9.671660000000001
2017-03-06 02:00:00,10.04849,10.04849
2017-03-06 03:00:00,38.20262,38.20262
2017-03-06 04:00:00,140.05166,140.05166
2017-03-06 05:00:00,88.38461,88.38461
2017-03-06 06:00:00,78.24677,78.24677
2017-03-06 07:00:00,46.19873,46.19873
2017-03-06 08:00:00,77.24189,77.24189
2017-03-06 09:00:00,110.12945,110.12945
2017-03-06 10:00:00,49.96544,49.96544
2017-03-06 11:00:00,17.5835,17.5835
2017-03-06 12:00:00,,49.855431715170404
2017-03-06 13:00:00,,49.73729258800395
2017-03-06 14:00:00,,45.672121358777886
2017-03-06 15:00:00,1.7502799999999998,1.7502799999999998
2017-03-06 16:00:00,,45.158722415634514
2017-03-06 17:00:00,,49.408816004704384
2017-03-06 18:00:00,,50.07923027548261
2017-03-06 19:00:00,6.90188,6.90188
2017-03-06 20:00:00,135.09722,135.09722
2017-03-06 21:00:00,82.26788,82.26788
2017-03-06 22:00:00,4.79672,4.79672
2017-03-06 23:00:00,27.84695,27.84695
2017-03-07 00:00:00,25.91033,25.91033
2017-03-07 01:00:00,14.78033,14.78033
2017-03-07 02:00:00,21.09422,21.09422
2017-03-07 03:00:00,63.46771999999999,63.46771999999999
2017-03-07 04:00:00,18.39599,18.39599
2017-03-07 05:00:00,167.42033,167.42033
2017-03-07 06:00:00,123.59038999999999,123.59038999999999
2017-03-07 07:00:00,96.12473,96.12473
2017-03-07 08:00:00,76.90321999999999,76.90321999999999
2017-03-07 09:00:00,18.935,18.935
2017-03-07 10:00:00,8.282,8.282
2017-03-07 11:00:00,,53.39691752957359
2017-03-07 12:00:00,,59.37054011174963
2017-03-07 13:00:00,,61.40291387517299
2017-03-07 14:00:00,,63.14319148373423
2017-03-07 15:00:00,,64.47923493605562
2017-03-07 16:00:00,,65.2678760049984
2017-03-07 17:00:00,,65.92234848569086
2017-03-07 18:00:00,,66.78831237474117
2017-03-07 19:00:00,,66.60310053670186
2017-03-07 20:00:00,,66.6645374634421
2017-03-07 21:00:00,,64.5420874200783
2017-03-07 22:00:00,8.45372,8.45372
2017-03-07 23:00:00,135.11312,135.11312
2017-03-08 00:00:00,97.64795,97.64795
2017-03-08 01:00:00,97.62250999999999,97.62250999999999
2017-03-08 02:00:00,89.89034000000001,89.89034000000001
2017-03-08 03:00:00,142.93433000000002,142.93433000000002
2017-03-08 04:00:00,91.80311,91.80311
2017-03-08 05:00:00,34.529720000000005,34.529720000000005
2017-03-08 06:00:00,54.47945,54.47945
2017-03-08 07:00:00,50.68094,50.68094
2017-03-08 08:00:00,72.10778,72.10778
2017-03-08 09:00:00,91.13372,91.13372
2017-03-08 10:00:00,55.43026999999999,55.43026999999999
2017-03-08 11:00:00,49.145,49.145
2017-03-08 12:00:00,50.932159999999996,50.932159999999996
2017-03-08 13:00:00,12.28562,12.28562
2017-03-08 14:00:00,49.33739,49.33739
2017-03-08 15:00:00,42.50516,42.50516
2017-03-08 16:00:00,75.43406,75.43406
2017-03-08 17:00:00,6.26588,6.26588
2017-03-08 18:00:00,139.76705,139.76705
2017-03-08 19:00:00,119.96201,119.96201
2017-03-08 20:00:00,94.301,94.301
2017-03-08 21:00:00,75.58511,75.58511
2017-03-08 22:00:00,100.15856,100.15856
2017-03-08 23:00:00,85.28411,85.28411
2017-03-09 00:00:00,15.14444,15.14444
2017-03-09 01:00:00,44.48312,44.48312
2017-03-09 02:00:00,,48.2070915599883
2017-03-09 03:00:00,,42.450362567506616
2017-03-09 04:00:00,1.53722,1.53722
2017-03-09 05:00:00,24.22334,24.22334
2017-03-09 06:00:00,23.59688,23.59688
2017-03-09 07:00:00,35.96549,35.96549
2017-03-09 08:00:00,5.08451,5.08451
2017-03-09 09:00:00,3.15584,3.15584
2017-03-09 10:00:00,52.776559999999996,52.776559999999996
2017-03-09 11:00:00,31.831490000000002,31.831490000000002
2017-03-09 12:00:00,45.22883,45.22883
2017-03-09 13:00:00,32.09861,32.09861
2017-03-09 14:00:00,19.41995,19.41995
2017-03-09 15:00:00,4.67111,4.67111
2017-03-09 16:00:00,37.542770000000004,37.542770000000004
2017-03-09 17:00:00,19.28639,19.28639
2017-03-09 18:00:00,29.86784,29.86784
2017-03-09 19:00:00,34.701440000000005,34.701440000000005
2017-03-09 20:00:00,24.767120000000002,24.767120000000002
2017-03-09 21:00:00,118.8665,118.8665
2017-03-09 22:00:00,145.06333999999998,145.06333999999998
2017-03-09 23:00:00,104.97148999999999,104.97148999999999
2017-03-10 00:00:00,83.55578,83.55578
2017-03-10 01:00:00,93.03376999999999,93.03376999999999
2017-03-10 02:00:00,154.66693999999998,154.66693999999998
2017-03-10 03:00:00,43.40033,43.40033
2017-03-10 04:00:00,14.893220000000001,14.893220000000001
2017-03-10 05:00:00,84.85322,84.85322
2017-03-10 06:00:00,96.93245,96.93245
2017-03-10 07:00:00,83.47628,83.47628
2017-03-10 08:00:00,42.26189,42.26189
2017-03-10 09:00:00,25.95962,25.95962
2017-03-10 10:00:00,8.32334,8.32334
2017-03-10 11:00:00,,41.75841832456929
2017-03-10 12:00:00,,44.301661133840796
2017-03-10 13:00:00,,44.623691459251596
2017-03-10 14:00:00,,43.95657454692005
2017-03-10 15:00:00,,43.222423640078034
2017-03-10 16:00:00,,42.16545755110364
2017-03-10 17:00:00,,40.0625397399229
2017-03-10 18:00:00,9.99284,9.99284
2017-03-10 19:00:00,108.77,108.77
2017-03-10 20:00:00,6.55049,6.55049
2017-03-10 21:00:00,44.71049,44.71049
2017-03-10 22:00:00,24.29012,24.29012
2017-03-10 23:00:00,44.1365,44.1365
2017-03-11 00:00:00,55.65923000000001,55.65923000000001
2017-03-11 01:00:00,8.725610000000001,8.725610000000001
2017-03-11 02:00:00,19.73795,19.73795
2017-03-11 03:00:00,15.02201,15.02201
2017-03-11 04:00:00,29.85512,29.85512
2017-03-11 05:00:00,,27.410049560746643
2017-03-11 06:00:00,2.5325599999999997,2.5325599999999997
2017-03-11 07:00:00,,28.63703570291145
2017-03-11 08:00:00,46.00634,46.00634
2017-03-11 09:00:00,21.45833,21.45833
2017-03-11 10:00:00,10.662230000000001,10.662230000000001
2017-03-11 11:00:00,,27.72346816554099
2017-03-11 12:00:00,,29.87933926985508
2017-03-11 13:00:00,,30.649349436102096
2017-03-11 14:00:00,,31.163148712694973
2017-03-11 15:00:00,,30.617954724690076
2017-03-11 16:00:00,,29.653488725299177
2017-03-11 17:00:00,,27.08736686187003
2017-03-11 18:00:00,,22.258818495568047
2017-03-11 19:00:00,3.13994,3.13994
2017-03-11 20:00:00,,20.889092382493796
2017-03-11 21:00:00,,23.433597220063056
2017-03-11 22:00:00,,23.540964572413092
2017-03-11 23:00:00,,22.3348820541544
2017-03-12 00:00:00,,19.848106308190562
2017-03-12 01:00:00,4.650440000000001,4.650440000000001
2017-03-12 02:00:00,,19.53456955832082
2017-03-12 03:00:00,,20.228292584274673
2017-03-12 04:00:00,,19.504144079607602
2017-03-12 05:00:00,8.94662,8.94662
2017-03-12 06:00:00,27.07262,27.07262
2017-03-12 07:00:00,3.12245,3.12245
2017-03-12 08:00:00,4.04306,4.04306
2017-03-12 09:00:00,,21.493163030873443
2017-03-12 10:00:00,38.67962,38.67962
2017-03-12 11:00:00,27.579829999999998,27.579829999999998
2017-03-12 12:00:00,,23.640709681562097
2017-03-12 13:00:00,,21.042189913283824
2017-03-12 14:00:00,5.62511,5.62511
2017-03-12 15:00:00,,19.150285146244855
2017-03-12 16:00:00,2.49122,2.49122
2017-03-12 17:00:00,,23.869552469969367
2017-03-12 18:00:00,,29.25779467119529
2017-03-12 19:00:00,33.33245,33.33245
2017-03-12 20:00:00,66.01966999999999,66.01966999999999
2017-03-12 21:00:00,,37.692557323673185
2017-03-12 22:00:00,,35.331496890434416
2017-03-12 23:00:00,,36.50618410625258
2017-03-13 00:00:00,,39.441401556665696
2017-03-13 01:00:00,,46.73557444533051
2017-03-13 02:00:00,97.27112,97.27112
2017-03-13 03:00:00,55.16633,55.16633
2017-03-13 04:00:00,,40.12452493793151
2017-03-13 05:00:00,,35.34176267330031
2017-03-13 06:00:00,34.05272,34.05272
2017-03-13 07:00:00,,31.94236663130569
2017-03-13 08:00:00,24.4205,24.4205
2017-03-13 09:00:00,80.02439,80.02439
2017-03-13 10:00:00,9.05633,9.05633
2017-03-13 11:00:00,12.86438,12.86438
2017-03-13 12:00:00,12.55751,12.55751
2017-03-13 13:00:00,0.92984,0.92984
2017-03-13 14:00:00,3.512,3.512
2017-03-13 15:00:00,,19.827948016361695
2017-03-13 16:00:00,,23.28156901190665
2017-03-13 17:00:00,,25.68744802070847
2017-03-13 18:00:00,,29.06417421698214
2017-03-13 19:00:00,48.16238,48.16238
2017-03-13 20:00:00,31.93484,31.93484
2017-03-13 21:00:00,,27.72211093709778
2017-03-13 22:00:00,,26.08954917247864
2017-03-13 23:00:00,,25.042032357718973
2017-03-14 00:00:00,,24.096672277154756
2017-03-14 01:00:00,,22.539341507556937
2017-03-14 02:00:00,5.17355,5.17355
2017-03-14 03:00:00,52.668440000000004,52.668440000000004
2017-03-14 04:00:00,,25.315340661729394
2017-03-14 05:00:00,,20.947051078788714
2017-03-14 06:00:00,4.0351099999999995,4.0351099999999995
2017-03-14 07:00:00,15.947389999999999,15.947389999999999
2017-03-14 08:00:00,17.73455,17.73455
2017-03-14 09:00:00,33.742670000000004,33.742670000000004
2017-03-14 10:00:00,15.9935,15.9935
2017-03-14 11:00:00,18.617,18.617
2017-03-14 12:00:00,0.491,0.491
2017-03-14 13:00:00,,17.485113905476574
2017-03-14 14:00:00,10.059619999999999,10.059619999999999
2017-03-14 15:00:00,21.41699,21.41699
2017-03-14 16:00:00,7.63805,7.63805
2017-03-14 17:00:00,,21.60683489566093
2017-03-14 18:00:00,,24.762653320090322
2017-03-14 19:00:00,,27.96485513960649
2017-03-14 20:00:00,,32.29422652287009
2017-03-14 21:00:00,37.061,37.061
2017-03-14 22:00:00,100.59899,100.59899
2017-03-14 23:00:00,57.07433,57.07433
2017-03-15 00:00:00,,32.11128514070801
2017-03-15 01:00:00,,23.859636051647648
2017-03-15 02:00:00,9.515839999999999,9.515839999999999
2017-03-15 03:00:00,7.04339,7.04339
2017-03-15 04:00:00,7.617380000000001,7.617380000000001
2017-03-15 05:00:00,5.8922300000000005,5.8922300000000005
2017-03-15 06:00:00,3.62489,3.62489
2017-03-15 07:00:00,,15.702784901256054
2017-03-15 08:00:00,,17.443168718500477
2017-03-15 09:00:00,,18.06386824837606
2017-03-15 10:00:00,,17.16576075123399
2017-03-15 11:00:00,3.65351,3.65351
2017-03-15 12:00:00,,17.525266836124533
2017-03-15 13:00:00,16.57067,16.57067
2017-03-15 14:00:00,15.41156,15.41156
2017-03-15 15:00:00,,20.296781669348334
2017-03-15 16:00:00,,21.71741586869639
2017-03-15 17:00:00,,22.764590343956034
2017-03-15 18:00:00,,23.865399853788556
2017-03-15 19:00:00,,26.14718047958118
2017-03-15 20:00:00,46.04927,46.04927
2017-03-15 21:00:00,3.9095,3.9095
2017-03-15 22:00:00,,20.876298807418305
2017-03-15 23:00:00,10.45712,10.45712
2017-03-16 00:00:00,,23.55510827241302
2017-03-16 01:00:00,,26.325070657086684
2017-03-16 02:00:00,17.79656,17.79656
2017-03-16 03:00:00,79.64438,79.64438
2017-03-16 04:00:00,16.01099,16.01099
2017-03-16 05:00:00,,25.827564606313697
2017-03-16 06:00:00,,22.84479216322679
2017-03-16 07:00:00,2.81717,2.81717
2017-03-16 08:00:00,,20.72578634144575
2017-03-16 09:00:00,5.08133,5.08133
2017-03-16 10:00:00,32.960390000000004,32.960390000000004
2017-03-16 11:00:00,26.441390000000002,26.441390000000002
2017-03-16 12:00:00,19.97327,19.97327
2017-03-16 13:00:00,21.02744,21.02744
2017-03-16 14:00:00,23.51738,23.51738
2017-03-16 15:00:00,18.11138,18.11138
2017-03-16 16:00:00,54.43334,54.43334
2017-03-16 17:00:00,,32.99706330106994
2017-03-16 18:00:00,,31.739017647867488
2017-03-16 19:00:00,,31.81062426055618
2017-03-16 20:00:00,,31.903376487554574
2017-03-16 21:00:00,,32.18688111890567
2017-03-16 22:00:00,20.42483,20.42483
2017-03-16 23:00:00,69.19649,69.19649
2017-03-17 00:00:00,14.78033,14.78033
2017-03-17 01:00:00,,34.90130128567068
2017-03-17 02:00:00,41.09483,41.09483
2017-03-17 03:00:00,22.587229999999998,22.587229999999998
2017-03-17 04:00:00,74.90777,74.90777
2017-03-17 05:00:00,74.42123000000001,74.42123000000001
2017-03-17 06:00:00,25.03901,25.03901
2017-03-17 07:00:00,17.35295,17.35295
2017-03-17 08:00:00,,34.96937240431219
2017-03-17 09:00:00,,35.08844576265937
2017-03-17 10:00:00,17.93966,17.93966
2017-03-17 11:00:00,,36.85096903122592
2017-03-17 12:00:00,44.25416,44.25416
2017-03-17 13:00:00,39.14549,39.14549
2017-03-17 14:00:00,37.153220000000005,37.153220000000005
2017-03-17 15:00:00,36.88451,36.88451
2017-03-17 16:00:00,52.79405,52.79405
2017-03-17 17:00:00,,44.27087203940724
2017-03-17 18:00:00,,43.873717308732544
2017-03-17 19:00:00,,44.62042848524259
2017-03-17 20:00:00,,44.84577060584101
2017-03-17 21:00:00,,45.318352069223906
2017-03-17 22:00:00,,45.62525498890956
2017-03-17 23:00:00,,45.85123161214997
2017-03-18 00:00:00,,45.641435288603226
2017-03-18 01:00:00,,44.92505423319997
2017-03-18 02:00:00,,43.77460808100799
2017-03-18 03:00:00,,40.85307463725968
2017-03-18 04:00:00,24.12794,24.12794
2017-03-18 05:00:00,,38.99907888184321
2017-03-18 06:00:00,,36.62395767888055
2017-03-18 07:00:00,6.587060000000001,6.587060000000001
2017-03-18 08:00:00,21.04334,21.04334
2017-03-18 09:00:00,,39.87393170769389
2017-03-18 10:00:00,34.28645,34.28645
2017-03-18 11:00:00,40.81022,40.81022
2017-03-18 12:00:00,57.27944,57.27944
2017-03-18 13:00:00,28.5545,28.5545
2017-03-18 14:00:00,7.80023,7.80023
2017-03-18 15:00:00,,47.31268448828106
2017-03-18 16:00:00,,53.14609885593965
2017-03-18 17:00:00,48.032,48.032
2017-03-18 18:00:00,83.33795,83.33795
2017-03-18 19:00:00,41.00738,41.00738
2017-03-18 20:00:00,41.50028,41.50028
2017-03-18 21:00:00,56.358830000000005,56.358830000000005
2017-03-18 22:00:00,108.48539,108.48539
2017-03-18 23:00:00,173.82962,173.82962
2017-03-19 00:00:00,106.57739,106.57739
2017-03-19 01:00:00,137.68733,137.68733
2017-03-19 02:00:00,88.43549,88.43549
2017-03-19 03:00:00,39.01034,39.01034
2017-03-19 04:00:00,107.73173,107.73173
2017-03-19 05:00:00,136.18478000000002,136.18478000000002
2017-03-19 06:00:00,101.67383000000001,101.67383000000001
2017-03-19 07:00:00,71.47973,71.47973
2017-03-19 08:00:00,92.69351,92.69351
2017-03-19 09:00:00,35.39945,35.39945
2017-03-19 10:00:00,29.42105,29.42105
2017-03-19 11:00:00,64.568,64.568
2017-03-19 12:00:00,35.99888,35.99888
2017-03-19 13:00:00,12.89777,12.89777
2017-03-19 14:00:00,35.88917,35.88917
2017-03-19 15:00:00,19.71251,19.71251
2017-03-19 16:00:00,,39.36211497286942
2017-03-19 17:00:00,,37.521117015547546
2017-03-19 18:00:00,21.420170000000002,21.420170000000002
2017-03-19 19:00:00,0.73427,0.73427
2017-03-19 20:00:00,4.9557199999999995,4.9557199999999995
2017-03-19 21:00:00,27.839000000000002,27.839000000000002
2017-03-19 22:00:00,46.70912,46.70912
2017-03-19 23:00:00,67.21217,67.21217
2017-03-20 00:00:00,46.44995,46.44995
2017-03-20 01:00:00,16.55477,16.55477
2017-03-20 02:00:00,29.901229999999998,29.901229999999998
2017-03-20 03:00:00,40.09472,40.09472
2017-03-20 04:00:00,47.814170000000004,47.814170000000004
2017-03-20 05:00:00,40.756159999999994,40.756159999999994
2017-03-20 06:00:00,,34.27108929734159
2017-03-20 07:00:00,0.19367,0.19367
2017-03-20 08:00:00,,32.07665899842363
2017-03-20 09:00:00,,34.37141324451
2017-03-20 10:00:00,,33.45470034975958
2017-03-20 11:00:00,15.59123,15.59123
2017-03-20 12:00:00,,34.58063943744567
2017-03-20 13:00:00,47.480270000000004,47.480270000000004
2017-03-20 14:00:00,21.796999999999997,21.796999999999997
2017-03-20 15:00:00,0.63251,0.63251
2017-03-20 16:00:00,9.32822,9.32822
2017-03-20 17:00:00,46.10333,46.10333
2017-03-20 18:00:00,94.73984,94.73984
2017-03-20 19:00:00,95.76061999999999,95.76061999999999
2017-03-20 20:00:00,61.370509999999996,61.370509999999996
2017-03-20 21:00:00,20.55044,20.55044
2017-03-20 22:00:00,30.72962,30.72962
2017-03-20 23:00:00,40.80545,40.80545
2017-03-21 00:00:00,18.71717,18.71717
2017-03-21 01:00:00,14.357389999999999,14.357389999999999
2017-03-21 02:00:00,11.67188,11.67188
2017-03-21 03:00:00,,26.063211009821305
2017-03-21 04:00:00,,27.68840224364242
2017-03-21 05:00:00,,28.13769729038119
2017-03-21 06:00:00,,27.024456488141805
2017-03-21 07:00:00,,25.570982368579518
2017-03-21 08:00:00,25.123279999999998,25.123279999999998
2017-03-21 09:00:00,3.97151,3.97151
2017-03-21 10:00:00,11.07245,11.07245
2017-03-21 11:00:00,,22.420521779841266
2017-03-21 12:00:00,,24.955410140675284
2017-03-21 13:00:00,,26.35180187248189
2017-03-21 14:00:00,,27.074448512050626
2017-03-21 15:00:00,,27.856376453514173
2017-03-21 16:00:00,,28.396875615041406
2017-03-21 17:00:00,,28.688681457225275
2017-03-21 18:00:00,,28.889518800377843
2017-03-21 19:00:00,,29.017456156211843
2017-03-21 20:00:00,,29.187893300138054
2017-03-21 21:00:00,,29.068012244148306
2017-03-21 22:00:00,,29.023191968460832
2017-03-21 23:00:00,,28.914809885041436
2017-03-22 00:00:00,,28.73174827346309
2017-03-22 01:00:00,,28.45389932167041
2017-03-22 02:00:00,,27.502900472729163
2017-03-22 03:00:00,,26.929633384453904
2017-03-22 04:00:00,,25.70222444155836
2017-03-22 05:00:00,,24.270777460525686
2017-03-22 06:00:00,,20.791611673953984
2017-03-22 07:00:00,0.48623,0.48623
2017-03-22 08:00:00,,20.089355447063372
2017-03-22 09:00:00,9.28688,9.28688
2017-03-22 10:00:00,32.38322,32.38322
2017-03-22 11:00:00,22.94339,22.94339
2017-03-22 12:00:00,,26.285476524806427
2017-03-22 13:00:00,,25.040002509216762
2017-03-22 14:00:00,3.84272,3.84272
2017-03-22 15:00:00,,26.28057246421037
2017-03-22 16:00:00,11.76728,11.76728
2017-03-22 17:00:00,11.85155,11.85155
2017-03-22 18:00:00,53.630390000000006,53.630390000000006
2017-03-22 19:00:00,118.70273,118.70273
2017-03-22 20:00:00,71.41771999999999,71.41771999999999
2017-03-22 21:00:00,73.34639,73.34639
2017-03-22 22:00:00,91.05899000000001,91.05899000000001
2017-03-22 23:00:00,1.7216599999999997,1.7216599999999997
2017-03-23 00:00:00,,34.08195075054092
2017-03-23 01:00:00,,33.112348028209986
2017-03-23 02:00:00,,30.918899481572176
2017-03-23 03:00:00,,28.35136539960589
2017-03-23 04:00:00,,25.44461254754141
2017-03-23 05:00:00,20.40416,20.40416
2017-03-23 06:00:00,18.340339999999998,18.340339999999998
2017-03-23 07:00:00,8.466439999999999,8.466439999999999
2017-03-23 08:00:00,1.29395,1.29395
2017-03-23 09:00:00,4.98911,4.98911
2017-03-23 10:00:00,20.37872,20.37872
2017-03-23 11:00:00,17.13989,17.13989
2017-03-23 12:00:00,,21.66709167081524
2017-03-23 13:00:00,,22.988608533828028
2017-03-23 14:00:00,,24.07694271759896
2017-03-23 15:00:00,,25.09277580598338
2017-03-23 16:00:00,,26.31443376918583
2017-03-23 17:00:00,,28.405565581249373
2017-03-23 18:00:00,37.70177,37.70177
2017-03-23 19:00:00,34.35005,34.35005
2017-03-23 20:00:00,,28.019170771277135
2017-03-23 21:00:00,,26.150982127345266
2017-03-23 22:00:00,,24.95127839829112
2017-03-23 23:00:00,,23.949153994912617
2017-03-24 00:00:00,,22.955718227562453
2017-03-24 01:00:00,,21.821224011844407
2017-03-24 02:00:00,,20.29940320569897
2017-03-24 03:00:00,,17.5946773731482
2017-03-24 04:00:00,5.34845,5.34845
2017-03-24 05:00:00,,16.620794512506652
2017-03-24 06:00:00,,16.650835875086333
2017-03-24 07:00:00,2.75834,2.75834
2017-03-24 08:00:00,28.88045,28.88045
2017-03-24 09:00:00,12.683119999999999,12.683119999999999
2017-03-24 10:00:00,15.93944,15.93944
2017-03-24 11:00:00,26.00573,26.00573
2017-03-24 12:00:00,,21.31957489173043
2017-03-24 13:00:00,,21.073146776176745
2017-03-24 14:00:00,,21.02603640575522
2017-03-24 15:00:00,,20.932589261935874
2017-03-24 16:00:00,,20.69861711161571
2017-03-24 17:00:00,,20.17903540577249
2017-03-24 18:00:00,,18.898133753564796
2017-03-24 19:00:00,13.26188,13.26188
2017-03-24 20:00:00,,18.807671930744903
2017-03-24 21:00:00,,20.065433192548944
2017-03-24 22:00:00,,20.595212711450547
2017-03-24 23:00:00,,20.853561530179963
2017-03-25 00:00:00,,20.96930239130677
2017-03-25 01:00:00,,20.991267600448094
2017-03-25 02:00:00,,20.9395322906642
2017-03-25 03:00:00,,20.81920559072216
2017-03-25 04:00:00,,20.620184364994458
2017-03-25 05:00:00,,20.292884549202178
2017-03-25 06:00:00,,19.558680882563213
2017-03-25 07:00:00,12.44462,12.44462
2017-03-25 08:00:00,37.37423,37.37423
2017-03-25 09:00:00,9.76706,9.76706
2017-03-25 10:00:00,12.50027,12.50027
2017-03-25 11:00:00,19.273670000000003,19.273670000000003
2017-03-25 12:00:00,,19.147436887372454
2017-03-25 13:00:00,,19.579396544561494
2017-03-25 14:00:00,,19.86662027734253
2017-03-25 15:00:00,,19.587957465291574
2017-03-25 16:00:00,,19.230089785174467
2017-03-25 17:00:00,,19.19377476616678
2017-03-25 18:00:00,,18.77873833847642
2017-03-25 19:00:00,,18.61578124672798
2017-03-25 20:00:00,,18.388708772618354
2017-03-25 21:00:00,,18.082560145081136
2017-03-25 22:00:00,,17.67169360644528
2017-03-25 23:00:00,,17.11081672367386
2017-03-26 00:00:00,,16.312693635299496
2017-03-26 01:00:00,,15.081730303910973
2017-03-26 02:00:00,,12.846122774174344
2017-03-26 03:00:00,6.68405,6.68405
2017-03-26 04:00:00,,12.358192124694618
2017-03-26 05:00:00,,13.598802156931962
2017-03-26 06:00:00,,13.311486003632172
2017-03-26 07:00:00,,11.376309569456597
2017-03-26 08:00:00,4.64567,4.64567
2017-03-26 09:00:00,,11.426839519765034
2017-03-26 10:00:00,,13.89992166436037
2017-03-26 11:00:00,,15.256496704585427
2017-03-26 12:00:00,,16.14226055652788
2017-03-26 13:00:00,,16.77864945177191
2017-03-26 14:00:00,,17.26406266938681
2017-03-26 15:00:00,,17.649695653855797
2017-03-26 16:00:00,,17.965176890653403
2017-03-26 17:00:00,,18.22901881792534
2017-03-26 18:00:00,,18.453475147764767
2017-03-26 19:00:00,,18.647029522118146
2017-03-26 20:00:00,,18.815770398332088
2017-03-26 21:00:00,,18.964197610919157
2017-03-26 22:00:00,,19.095719250729257
2017-03-26 23:00:00,,19.212970448998906
2017-03-27 00:00:00,,19.31802502185842
2017-03-27 01:00:00,,19.41254015230369
2017-03-27 02:00:00,,19.49785782588744
2017-03-27 03:00:00,,19.575077531133225
2017-03-27 04:00:00,,19.645109385131356
2017-03-27 05:00:00,,19.708713628005423
2017-03-27 06:00:00,,19.76653043760784
2017-03-27 07:00:00,,19.81910274881601
2017-03-27 08:00:00,,19.86689393683857
2017-03-27 09:00:00,,19.91030167527035
2017-03-27 10:00:00,,19.94966890765322
2017-03-27 11:00:00,,19.985292614674506
2017-03-27 12:00:00,,20.017430879253805
2017-03-27 13:00:00,,20.046308623829834
2017-03-27 14:00:00,,20.072122301934012
2017-03-27 15:00:00,,20.095043758827803
2017-03-27 16:00:00,,20.115223426286992
2017-03-27 17:00:00,,20.13279297953237
2017-03-27 18:00:00,,20.147867556354893
2017-03-27 19:00:00,,20.16054761721481
2017-03-27 20:00:00,,20.17092050876658
2017-03-27 21:00:00,,20.179061780620266
2017-03-27 22:00:00,,20.185036295282075
2017-03-27 23:00:00,,20.188899163453364
2017-03-28 00:00:00,,20.190696530711364
2017-03-28 01:00:00,,20.190466236675213
2017-03-28 02:00:00,,20.1882383637978
2017-03-28 03:00:00,,20.184035689704615
2017-03-28 04:00:00,,20.177874054361684
2017-03-28 05:00:00,,20.169762651169833
2017-03-28 06:00:00,,20.159704249253295
2017-03-28 07:00:00,,20.14769535265905
2017-03-28 08:00:00,,20.133726300847414
2017-03-28 09:00:00,,20.11778131368417
2017-03-28 10:00:00,,20.099838483097944
2017-03-28 11:00:00,,20.079869712609916
2017-03-28 12:00:00,,20.057840605045122
2017-03-28 13:00:00,,20.033710297869895
2017-03-28 14:00:00,,20.00743124474299
2017-03-28 15:00:00,,19.97894894099583
2017-03-28 16:00:00,,19.948201589845638
2017-03-28 17:00:00,,19.91511970516982
2017-03-28 18:00:00,,19.879625645604435
2017-03-28 19:00:00,,19.841633073543385
2017-03-28 20:00:00,,19.801046331274936
2017-03-28 21:00:00,,19.757759724957335
2017-03-28 22:00:00,,19.711656705359147
2017-03-28 23:00:00,,19.66260893221311
2017-03-29 00:00:00,,19.610475206585846
2017-03-29 01:00:00,,19.555100252760724
2017-03-29 02:00:00,,19.496313327659553
2017-03-29 03:00:00,,19.433926631652536
2017-03-29 04:00:00,,19.367733489551572
2017-03-29 05:00:00,,19.29750626442689
2017-03-29 06:00:00,,19.222993959344542
2017-03-29 07:00:00,,19.143919452820153
2017-03-29 08:00:00,,19.05997630223442
2017-03-29 09:00:00,,18.97082503501183
2017-03-29 10:00:00,,18.87608882916173
2017-03-29 11:00:00,,18.77534846165161
2017-03-29 12:00:00,,18.668136373425337
2017-03-29 13:00:00,,18.55392966147405
2017-03-29 14:00:00,,18.432141758085677
2017-03-29 15:00:00,,18.30211249076387
2017-03-29 16:00:00,,18.16309612679083
2017-03-29 17:00:00,,18.01424688430648
2017-03-29 18:00:00,,17.854601222332988
2017-03-29 19:00:00,,17.683055982399058
2017-03-29 20:00:00,,17.498341107505677
2017-03-29 21:00:00,,17.298985149384638
2017-03-29 22:00:00,,17.083270988690252
2017-03-29 23:00:00,,16.84917795137248
2017-03-30 00:00:00,,16.59430446915195
2017-03-30 01:00:00,,16.315761947607868
2017-03-30 02:00:00,,16.010024237626542
2017-03-30 03:00:00,,15.672705172525372
2017-03-30 04:00:00,,15.298212372230203
2017-03-30 05:00:00,,14.879172267763199
2017-03-30 06:00:00,,14.405393305118189
2017-03-30 07:00:00,,13.861790581651007
2017-03-30 08:00:00,,13.223633476755177
2017-03-30 09:00:00,,12.443525289340428
2017-03-30 10:00:00,,11.40524731156624
2017-03-30 11:00:00,,9.671684383506708
2017-03-30 12:00:00,2.21138,2.21138
2017-03-30 13:00:00,19.11467,19.11467
2017-03-30 14:00:00,7.553780000000001,7.553780000000001
2017-03-30 15:00:00,,11.332179867722747
2017-03-30 16:00:00,,12.324197303268186
2017-03-30 17:00:00,,13.013570030119377
2017-03-30 18:00:00,,13.580268082010704
2017-03-30 19:00:00,,14.069093712179262
2017-03-30 20:00:00,,14.499461172129328
2017-03-30 21:00:00,,14.882841771605895
2017-03-30 22:00:00,,15.227194629217607
2017-03-30 23:00:00,,15.53851191988687
2017-03-31 00:00:00,,15.82150835890076
2017-03-31 01:00:00,,16.079992521699342
2017-03-31 02:00:00,,16.317095372594967
2017-03-31 03:00:00,,16.53542403986373
2017-03-31 04:00:00,,16.737171517832394
2017-03-31 05:00:00,,16.924198032432415
2017-03-31 06:00:00,,17.09809303846021
2017-03-31 07:00:00,,17.26022339642206
2017-03-31 08:00:00,,17.41177137898982
2017-03-31 09:00:00,,17.553765020373298
2017-03-31 10:00:00,,17.687102598715477
2017-03-31 11:00:00,,17.81257255952982
2017-03-31 12:00:00,,17.93086985510504
2017-03-31 13:00:00,,18.04260943817409
2017-03-31 14:00:00,,18.148337476326983
2017-03-31 15:00:00,,18.248540726674115
2017-03-31 16:00:00,,18.34365441505986
2017-03-31 17:00:00,,18.43406889185736
2017-03-31 18:00:00,,18.520135280933022
2017-03-31 19:00:00,,18.602170295437585
2017-03-31 20:00:00,,18.68046036055792
2017-03-31 21:00:00,,18.75526515698933
2017-03-31 22:00:00,,18.826820677993805
2017-03-31 23:00:00,,18.895341876250114
